Rk,Player,Pos,Age,Tm,G,GS,MP,FG,FGA,FG_Perc,3P,3PA,3P_Perc,2P,2PA,2P_Perc,eFG_Perc,FT,FTA,FT_Perc,ORB,DRB,TRB,AST,STL,BLK,TOV,PF,PS_G
1.0,Quincy Acy,PF,22.0,TOR,29.0,0.0,11.8,1.4,2.6,0.56,0.0,0.1,0.5,1.4,2.5,0.562,0.5670000000000001,1.1,1.3,0.816,1.0,1.6,2.7,0.4,0.4,0.5,0.6,1.8,4.0
2.0,Jeff Adrien,PF,26.0,CHA,52.0,5.0,13.7,1.4,3.2,0.429,0.0,0.0,0.0,1.4,3.2,0.434,0.429,1.3,1.9,0.65,1.3,2.5,3.8,0.7,0.3,0.5,0.6,1.5,4.0
3.0,Arron Afflalo,SF,27.0,ORL,64.0,64.0,36.0,6.2,14.1,0.439,1.1,3.8,0.3,5.1,10.4,0.489,0.478,3.0,3.5,0.857,0.5,3.3,3.7,3.2,0.6,0.2,2.2,2.1,16.5
4.0,Josh Akognon,PG,26.0,DAL,3.0,0.0,3.0,0.7,1.3,0.5,0.3,0.7,0.5,0.3,0.7,0.5,0.625,0.0,0.0,0.0,0.0,0.3,0.3,0.3,0.0,0.0,0.0,1.0,1.7
5.0,Cole Aldrich,C,24.0,TOT,45.0,0.0,8.6,1.0,1.8,0.55,0.0,0.0,0.0,1.0,1.8,0.55,0.55,0.3,0.4,0.6,0.7,2.0,2.7,0.2,0.1,0.5,0.5,1.3,2.2
5.0,Cole Aldrich,C,24.0,HOU,30.0,0.0,7.1,0.8,1.4,0.535,0.0,0.0,0.0,0.8,1.4,0.535,0.535,0.1,0.3,0.444,0.4,1.5,1.9,0.2,0.1,0.3,0.5,1.4,1.7
5.0,Cole Aldrich,C,24.0,SAC,15.0,0.0,11.7,1.4,2.5,0.568,0.0,0.0,0.0,1.4,2.5,0.568,0.568,0.5,0.7,0.727,1.2,3.0,4.2,0.2,0.1,0.9,0.6,1.3,3.3
6.0,LaMarcus Aldridge,PF,27.0,POR,74.0,74.0,37.7,8.6,17.8,0.484,0.0,0.2,0.14300000000000002,8.6,17.6,0.488,0.485,3.8,4.7,0.81,2.4,6.7,9.1,2.6,0.8,1.2,1.9,2.5,21.1
7.0,Lavoy Allen,C,23.0,PHI,79.0,37.0,21.1,2.6,5.7,0.45399999999999996,0.0,0.0,0.0,2.6,5.7,0.455,0.45399999999999996,0.5,0.8,0.7170000000000001,2.0,3.0,5.0,0.9,0.3,0.7,0.7,2.3,5.8
8.0,Ray Allen,SG,37.0,MIA,79.0,0.0,25.8,3.7,8.2,0.449,1.8,4.2,0.419,1.9,4.0,0.48,0.555,1.8,2.0,0.8859999999999999,0.5,2.2,2.7,1.7,0.8,0.2,1.3,1.6,10.9
9.0,Tony Allen,SG,31.0,MEM,79.0,79.0,26.7,3.6,8.1,0.445,0.0,0.3,0.125,3.6,7.8,0.45799999999999996,0.447,1.7,2.4,0.7170000000000001,1.5,3.1,4.6,1.2,1.5,0.6,1.2,2.7,8.9
10.0,Al-Farouq Aminu,SF,22.0,NOH,76.0,71.0,27.2,3.0,6.2,0.475,0.1,0.3,0.21100000000000002,2.9,6.0,0.486,0.479,1.3,1.8,0.737,1.8,5.9,7.7,1.4,1.2,0.7,1.5,2.0,7.3
11.0,Lou Amundson,PF,30.0,TOT,39.0,0.0,9.5,0.8,2.1,0.395,0.0,0.0,0.0,0.8,2.1,0.395,0.395,0.3,0.9,0.33299999999999996,1.2,1.5,2.7,0.3,0.4,0.3,0.5,1.4,1.9
11.0,Lou Amundson,PF,30.0,MIN,20.0,0.0,8.1,0.7,1.9,0.368,0.0,0.0,0.0,0.7,1.9,0.368,0.368,0.2,1.0,0.2,1.2,1.2,2.4,0.2,0.4,0.3,0.6,1.3,1.6
11.0,Lou Amundson,PF,30.0,CHI,1.0,0.0,2.0,0.0,1.0,0.0,0.0,0.0,0.0,0.0,1.0,0.0,0.0,0.0,0.0,0.0,1.0,0.0,1.0,0.0,0.0,0.0,0.0,0.0,0.0
11.0,Lou Amundson,PF,30.0,NOH,18.0,0.0,11.6,1.0,2.3,0.429,0.0,0.0,0.0,1.0,2.3,0.429,0.429,0.4,0.9,0.5,1.3,1.9,3.2,0.4,0.5,0.3,0.4,1.5,2.4
12.0,Chris Andersen,C,34.0,MIA,42.0,0.0,14.9,1.7,2.9,0.5770000000000001,0.0,0.1,0.667,1.6,2.9,0.575,0.585,1.5,2.2,0.677,1.4,2.7,4.1,0.4,0.4,1.0,0.6,2.1,4.9
13.0,Alan Anderson,SF,30.0,TOR,65.0,2.0,23.0,3.6,9.5,0.38299999999999995,1.5,4.4,0.33299999999999996,2.2,5.1,0.426,0.46,1.9,2.3,0.857,0.5,1.8,2.3,1.6,0.7,0.1,1.2,2.0,10.7
14.0,James Anderson,SG-SF,23.0,TOT,39.0,2.0,10.3,1.3,3.2,0.413,0.5,1.5,0.35,0.8,1.7,0.47,0.496,0.6,0.7,0.857,0.5,1.4,1.8,1.1,0.4,0.1,0.6,0.6,3.8
14.0,James Anderson,SF,23.0,SAS,10.0,0.0,9.4,1.1,2.5,0.44,0.5,1.1,0.455,0.6,1.4,0.429,0.54,0.7,0.9,0.778,0.3,1.1,1.4,0.9,0.3,0.2,0.7,0.7,3.4
14.0,James Anderson,SG,23.0,HOU,29.0,2.0,10.6,1.4,3.5,0.406,0.6,1.7,0.327,0.9,1.8,0.48100000000000004,0.485,0.6,0.7,0.895,0.5,1.5,2.0,1.1,0.4,0.1,0.6,0.6,4.0
15.0,Ryan Anderson,PF,24.0,NOH,81.0,22.0,30.9,5.8,13.8,0.423,2.6,6.9,0.382,3.2,6.9,0.46399999999999997,0.519,1.9,2.2,0.8440000000000001,2.4,4.0,6.4,1.2,0.5,0.4,1.2,2.2,16.2
16.0,Carmelo Anthony,PF,28.0,NYK,67.0,67.0,37.0,10.0,22.2,0.449,2.3,6.2,0.379,7.6,16.0,0.47600000000000003,0.502,6.3,7.6,0.83,2.0,4.9,6.9,2.6,0.8,0.5,2.6,3.1,28.7
17.0,Joel Anthony,C,30.0,MIA,62.0,3.0,9.1,0.6,1.1,0.515,0.0,0.0,0.0,0.6,1.1,0.515,0.515,0.3,0.5,0.607,0.7,1.1,1.9,0.2,0.2,0.7,0.4,0.8,1.4
18.0,Trevor Ariza,SF,27.0,WAS,56.0,15.0,26.3,3.4,8.1,0.41700000000000004,1.4,3.7,0.364,2.0,4.3,0.46299999999999997,0.501,1.4,1.7,0.821,0.8,4.0,4.8,2.0,1.3,0.4,1.5,1.3,9.5
19.0,Darrell Arthur,PF,24.0,MEM,59.0,3.0,16.4,2.7,6.1,0.451,0.1,0.3,0.278,2.7,5.8,0.46,0.45799999999999996,0.6,0.8,0.7170000000000001,1.2,1.7,2.9,0.6,0.4,0.6,0.7,2.1,6.1
20.0,Omer Asik,C,26.0,HOU,82.0,82.0,30.0,4.0,7.5,0.541,0.0,0.0,0.0,4.0,7.5,0.542,0.541,2.0,3.6,0.562,3.4,8.3,11.7,0.9,0.6,1.1,2.1,2.7,10.1
0.0,Player,Pos,0.0,Tm,0.0,0.0,0.0,0.0,0.0,0.0,0.0,0.0,0.0,0.0,0.0,0.0,0.0,0.0,0.0,0.0,0.0,0.0,0.0,0.0,0.0,0.0,0.0,0.0,0.0
21.0,D.J. Augustin,PG,25.0,IND,76.0,5.0,16.1,1.4,3.9,0.35,0.9,2.5,0.353,0.5,1.4,0.34600000000000003,0.46399999999999997,1.1,1.3,0.838,0.3,0.9,1.2,2.2,0.4,0.0,0.9,0.8,4.7
22.0,Gustavo Ayon,C,27.0,TOT,55.0,3.0,13.3,1.7,3.0,0.551,0.0,0.0,0.0,1.7,3.0,0.551,0.551,0.4,0.9,0.4,1.1,2.5,3.6,1.3,0.4,0.3,0.9,1.9,3.7
22.0,Gustavo Ayon,C,27.0,ORL,43.0,3.0,13.3,1.6,2.9,0.536,0.0,0.0,0.0,1.6,2.9,0.536,0.536,0.4,0.9,0.5,0.9,2.3,3.3,1.4,0.3,0.3,0.9,1.9,3.6
22.0,Gustavo Ayon,C,27.0,MIL,12.0,0.0,13.6,2.1,3.5,0.595,0.0,0.0,0.0,2.1,3.5,0.595,0.595,0.1,1.0,0.083,1.7,3.3,4.9,1.0,0.8,0.3,0.8,2.0,4.3
23.0,Jeff Ayres,PF,25.0,IND,37.0,0.0,10.0,1.6,3.4,0.484,0.1,0.1,0.5,1.6,3.3,0.484,0.49200000000000005,0.6,0.6,0.9129999999999999,0.8,2.0,2.8,0.4,0.2,0.3,0.6,1.2,3.9
24.0,Luke Babbitt,PF,23.0,POR,62.0,0.0,11.8,1.4,3.8,0.368,1.0,2.9,0.348,0.4,0.9,0.429,0.5,0.2,0.2,0.769,0.2,2.0,2.2,0.5,0.2,0.1,0.4,1.3,3.9
25.0,Leandro Barbosa,PG,30.0,BOS,41.0,2.0,12.5,2.0,4.7,0.43,0.4,1.1,0.38299999999999995,1.6,3.6,0.445,0.47700000000000004,0.8,1.0,0.7559999999999999,0.2,0.9,1.1,1.4,0.4,0.1,0.5,1.2,5.2
26.0,J.J. Barea,PG,28.0,MIN,74.0,2.0,23.1,4.3,10.2,0.41700000000000004,1.3,3.8,0.34600000000000003,3.0,6.5,0.45799999999999996,0.48100000000000004,1.4,1.8,0.784,0.5,2.3,2.8,4.0,0.4,0.0,2.0,1.8,11.3
27.0,Andrea Bargnani,PF,27.0,TOR,35.0,25.0,28.7,4.9,12.2,0.39899999999999997,1.1,3.5,0.309,3.8,8.7,0.436,0.444,1.9,2.2,0.8440000000000001,0.7,2.9,3.7,1.1,0.6,0.7,1.5,1.8,12.7
28.0,Harrison Barnes,SF,20.0,GSW,81.0,81.0,25.4,3.4,7.8,0.439,0.6,1.8,0.359,2.8,6.0,0.46399999999999997,0.48100000000000004,1.8,2.3,0.758,0.7,3.5,4.1,1.2,0.6,0.2,1.2,1.7,9.2
29.0,Matt Barnes,SF,32.0,LAC,80.0,4.0,25.7,3.9,8.4,0.462,1.4,4.1,0.342,2.5,4.4,0.574,0.544,1.1,1.5,0.7440000000000001,1.4,3.2,4.6,1.5,1.0,0.8,1.1,2.9,10.3
30.0,Earl Barron,C,31.0,TOT,12.0,2.0,13.3,1.5,4.3,0.353,0.0,0.0,0.0,1.5,4.3,0.353,0.353,0.3,0.6,0.429,1.8,3.3,5.1,0.4,0.4,0.5,0.9,2.0,3.3
30.0,Earl Barron,C,31.0,WAS,11.0,1.0,11.1,1.2,3.4,0.35100000000000003,0.0,0.0,0.0,1.2,3.4,0.35100000000000003,0.35100000000000003,0.2,0.5,0.4,1.5,2.5,3.9,0.3,0.5,0.5,0.9,2.1,2.5
30.0,Earl Barron,C,31.0,NYK,1.0,1.0,37.0,5.0,14.0,0.35700000000000004,0.0,0.0,0.0,5.0,14.0,0.35700000000000004,0.35700000000000004,1.0,2.0,0.5,6.0,12.0,18.0,2.0,0.0,1.0,1.0,1.0,11.0
31.0,Will Barton,SG,22.0,POR,73.0,5.0,12.2,1.6,4.2,0.382,0.1,0.9,0.138,1.5,3.3,0.447,0.396,0.7,0.9,0.769,0.5,1.5,2.0,0.8,0.5,0.1,0.8,0.8,4.0
32.0,Brandon Bass,PF,27.0,BOS,81.0,69.0,27.6,3.5,7.3,0.486,0.0,0.0,0.0,3.5,7.2,0.48700000000000004,0.486,1.6,1.9,0.86,1.6,3.7,5.2,1.0,0.5,0.8,1.0,2.3,8.7
33.0,Shane Battier,SF,34.0,MIA,72.0,20.0,24.8,2.1,5.0,0.42,1.9,4.4,0.43,0.2,0.6,0.348,0.608,0.4,0.5,0.8420000000000001,0.5,1.8,2.3,1.0,0.6,0.8,0.5,2.1,6.6
34.0,Nicolas Batum,SF,24.0,POR,73.0,73.0,38.5,4.8,11.4,0.423,2.3,6.1,0.37200000000000005,2.6,5.3,0.48100000000000004,0.522,2.4,2.9,0.848,1.3,4.3,5.6,4.9,1.2,1.1,2.6,1.9,14.3
35.0,Jerryd Bayless,PG,24.0,MEM,80.0,4.0,22.1,3.3,7.8,0.419,0.9,2.5,0.353,2.4,5.3,0.45,0.47600000000000003,1.3,1.5,0.836,0.3,1.9,2.2,3.3,0.7,0.2,1.5,2.1,8.7
36.0,Aron Baynes,C,26.0,SAS,16.0,0.0,8.8,1.1,2.3,0.5,0.0,0.1,0.0,1.1,2.2,0.514,0.5,0.4,0.8,0.583,0.8,1.3,2.0,0.3,0.1,0.4,0.7,1.4,2.7
37.0,Kent Bazemore,SG,23.0,GSW,61.0,0.0,4.4,0.7,1.9,0.371,0.2,0.6,0.294,0.5,1.3,0.402,0.414,0.4,0.7,0.614,0.1,0.3,0.4,0.4,0.3,0.1,0.3,0.4,2.0
38.0,Bradley Beal,SG,19.0,WAS,56.0,46.0,31.2,5.0,12.3,0.41,1.6,4.2,0.386,3.4,8.1,0.424,0.47700000000000004,2.2,2.8,0.7859999999999999,0.8,3.0,3.8,2.4,0.9,0.5,1.6,2.0,13.9
39.0,Michael Beasley,SF,24.0,PHO,75.0,20.0,20.7,4.1,10.2,0.405,0.6,1.9,0.313,3.5,8.3,0.426,0.434,1.3,1.7,0.746,0.7,3.1,3.8,1.5,0.4,0.5,1.9,1.4,10.1
40.0,Rodrigue Beaubois,PG,24.0,DAL,45.0,0.0,12.2,1.4,3.9,0.369,0.5,1.6,0.292,1.0,2.3,0.423,0.429,0.7,0.8,0.789,0.2,1.1,1.3,1.9,0.4,0.1,0.7,1.2,4.0
0.0,Player,Pos,0.0,Tm,0.0,0.0,0.0,0.0,0.0,0.0,0.0,0.0,0.0,0.0,0.0,0.0,0.0,0.0,0.0,0.0,0.0,0.0,0.0,0.0,0.0,0.0,0.0,0.0,0.0
41.0,Marco Belinelli,SG,26.0,CHI,73.0,27.0,25.8,3.3,8.4,0.395,1.1,3.0,0.35700000000000004,2.2,5.3,0.41600000000000004,0.46,1.9,2.3,0.8390000000000001,0.2,1.7,1.9,2.0,0.6,0.1,1.1,1.9,9.6
42.0,Patrick Beverley,PG,24.0,HOU,41.0,0.0,17.4,1.9,4.6,0.418,0.9,2.3,0.375,1.0,2.3,0.462,0.513,0.8,1.0,0.8290000000000001,1.1,1.6,2.7,2.9,0.9,0.5,1.1,2.0,5.6
43.0,Andris Biedrins,C,26.0,GSW,53.0,9.0,9.3,0.2,0.4,0.47600000000000003,0.0,0.0,0.0,0.2,0.4,0.47600000000000003,0.47600000000000003,0.1,0.2,0.308,0.6,2.2,2.9,0.3,0.3,0.8,0.3,1.9,0.5
44.0,Chauncey Billups,SG,36.0,LAC,22.0,22.0,19.0,2.4,6.0,0.402,1.5,4.1,0.36700000000000005,0.9,1.9,0.47600000000000003,0.527,2.0,2.2,0.938,0.1,1.4,1.5,2.2,0.5,0.0,1.2,1.1,8.4
45.0,Bismack Biyombo,C,20.0,CHA,80.0,65.0,27.3,2.0,4.3,0.451,0.0,0.0,0.0,2.0,4.3,0.451,0.451,0.9,1.8,0.521,2.4,4.9,7.3,0.4,0.4,1.8,1.0,2.4,4.8
46.0,DeJuan Blair,PF,23.0,SAS,61.0,16.0,14.0,2.3,4.4,0.524,0.0,0.0,0.0,2.3,4.4,0.526,0.524,0.7,1.1,0.629,1.1,2.7,3.8,0.7,0.6,0.2,0.8,1.8,5.4
47.0,Steve Blake,PG,32.0,LAL,45.0,13.0,26.1,2.5,6.0,0.42200000000000004,1.6,3.8,0.42100000000000004,0.9,2.2,0.424,0.556,0.6,0.8,0.7709999999999999,0.5,2.5,2.9,3.8,0.8,0.1,1.4,1.8,7.3
48.0,Andray Blatche,C,26.0,BRK,82.0,8.0,19.0,4.2,8.2,0.512,0.0,0.3,0.136,4.2,8.0,0.524,0.514,1.8,2.6,0.685,2.0,3.1,5.1,1.0,1.0,0.7,1.5,2.0,10.3
49.0,Eric Bledsoe,PG,23.0,LAC,76.0,12.0,20.4,3.3,7.5,0.445,0.4,1.0,0.397,2.9,6.4,0.45299999999999996,0.473,1.4,1.8,0.7909999999999999,1.0,1.9,3.0,3.1,1.4,0.7,1.8,1.5,8.5
50.0,Keith Bogans,SG,32.0,BRK,74.0,23.0,19.0,1.5,3.8,0.38,1.1,3.3,0.34299999999999997,0.3,0.5,0.615,0.528,0.1,0.2,0.647,0.2,1.4,1.6,1.0,0.4,0.1,0.7,1.5,4.2
51.0,Andrew Bogut,C,28.0,GSW,32.0,32.0,24.6,2.6,5.8,0.451,0.0,0.0,1.0,2.6,5.7,0.44799999999999995,0.45399999999999996,0.6,1.2,0.5,2.1,5.5,7.7,2.1,0.6,1.7,1.1,2.7,5.8
52.0,Matt Bonner,PF,32.0,SAS,68.0,4.0,13.4,1.6,3.4,0.48700000000000004,0.8,1.8,0.442,0.9,1.6,0.536,0.602,0.2,0.2,0.733,0.4,1.5,1.9,0.5,0.3,0.3,0.2,1.3,4.2
53.0,Trevor Booker,PF,25.0,WAS,48.0,14.0,18.5,2.3,4.6,0.491,0.0,0.1,0.0,2.3,4.5,0.502,0.491,0.8,1.5,0.556,2.0,2.9,5.0,0.8,0.7,0.3,0.6,2.0,5.3
54.0,Carlos Boozer,PF,31.0,CHI,79.0,79.0,32.2,6.9,14.4,0.47700000000000004,0.0,0.0,0.0,6.9,14.4,0.478,0.47700000000000004,2.4,3.3,0.731,2.2,7.5,9.8,2.3,0.8,0.4,2.2,3.0,16.2
55.0,Chris Bosh,C,28.0,MIA,74.0,74.0,33.2,6.6,12.3,0.535,0.3,1.0,0.284,6.3,11.3,0.557,0.546,3.3,4.1,0.7979999999999999,1.8,5.0,6.8,1.7,0.9,1.4,1.7,2.3,16.6
56.0,Avery Bradley,PG,22.0,BOS,50.0,50.0,28.7,3.8,9.6,0.402,0.8,2.5,0.317,3.0,7.0,0.43200000000000005,0.444,0.7,1.0,0.755,0.6,1.6,2.2,2.1,1.3,0.4,1.4,2.6,9.2
57.0,Elton Brand,C,33.0,DAL,72.0,18.0,21.2,3.1,6.6,0.473,0.0,0.0,0.0,3.1,6.6,0.474,0.473,0.9,1.3,0.71,1.8,4.2,6.0,1.0,0.7,1.3,0.8,2.7,7.2
58.0,Corey Brewer,SF,26.0,DEN,82.0,2.0,24.4,4.6,10.8,0.425,1.1,3.7,0.29600000000000004,3.5,7.0,0.493,0.47600000000000003,1.8,2.6,0.69,0.7,2.2,2.9,1.5,1.4,0.3,1.2,1.9,12.1
59.0,Ronnie Brewer,SF,27.0,TOT,60.0,34.0,14.2,1.2,3.3,0.354,0.4,1.3,0.303,0.8,2.0,0.385,0.41200000000000003,0.3,0.7,0.41,0.7,1.6,2.3,0.8,0.7,0.1,0.3,0.6,3.0
59.0,Ronnie Brewer,SF,27.0,NYK,46.0,34.0,15.5,1.4,3.8,0.366,0.5,1.5,0.31,0.9,2.3,0.40399999999999997,0.429,0.3,0.8,0.41,0.6,1.5,2.2,0.9,0.7,0.1,0.3,0.6,3.6
59.0,Ronnie Brewer,SF,27.0,OKC,14.0,0.0,10.1,0.4,1.6,0.261,0.1,0.4,0.2,0.4,1.3,0.278,0.28300000000000003,0.0,0.0,0.0,0.9,1.9,2.9,0.7,0.6,0.0,0.3,0.4,0.9
60.0,Aaron Brooks,PG,28.0,TOT,53.0,20.0,18.8,2.7,6.0,0.45299999999999996,0.9,2.5,0.373,1.8,3.4,0.511,0.532,0.8,1.0,0.769,0.2,1.3,1.5,2.2,0.6,0.2,1.3,1.8,7.1
60.0,Aaron Brooks,PG,28.0,SAC,46.0,20.0,20.8,3.0,6.6,0.45899999999999996,1.0,2.8,0.37799999999999995,2.0,3.8,0.517,0.5379999999999999,0.9,1.1,0.769,0.3,1.4,1.7,2.3,0.6,0.2,1.4,1.9,8.0
60.0,Aaron Brooks,PG,28.0,HOU,7.0,0.0,5.4,0.6,1.9,0.308,0.3,1.0,0.28600000000000003,0.3,0.9,0.33299999999999996,0.385,0.0,0.0,0.0,0.1,0.1,0.3,0.9,0.1,0.4,0.6,0.7,1.4
0.0,Player,Pos,0.0,Tm,0.0,0.0,0.0,0.0,0.0,0.0,0.0,0.0,0.0,0.0,0.0,0.0,0.0,0.0,0.0,0.0,0.0,0.0,0.0,0.0,0.0,0.0,0.0,0.0,0.0
61.0,MarShon Brooks,SG,24.0,BRK,73.0,2.0,12.5,2.1,4.6,0.46299999999999997,0.2,0.8,0.273,1.9,3.8,0.5,0.485,0.9,1.3,0.7340000000000001,0.4,1.0,1.4,1.0,0.5,0.2,0.9,1.3,5.4
62.0,Kwame Brown,C,30.0,PHI,22.0,11.0,12.2,0.8,1.7,0.45899999999999996,0.0,0.0,0.0,0.8,1.7,0.45899999999999996,0.45899999999999996,0.3,0.9,0.368,1.0,2.3,3.4,0.4,0.3,0.5,0.4,1.7,1.9
63.0,Shannon Brown,SG,27.0,PHO,59.0,22.0,23.8,4.1,9.7,0.42,0.7,2.4,0.27699999999999997,3.4,7.3,0.467,0.45399999999999996,1.7,2.1,0.784,0.7,1.8,2.5,1.8,1.0,0.3,1.3,1.6,10.5
64.0,Kobe Bryant,SG,34.0,LAL,78.0,78.0,38.6,9.5,20.4,0.46299999999999997,1.7,5.2,0.324,7.8,15.2,0.51,0.504,6.7,8.0,0.8390000000000001,0.8,4.7,5.6,6.0,1.4,0.3,3.7,2.2,27.3
65.0,Chase Budinger,SF,24.0,MIN,23.0,1.0,22.1,3.4,8.3,0.414,1.1,3.5,0.321,2.3,4.8,0.48200000000000004,0.48200000000000004,1.4,1.8,0.762,0.7,2.4,3.1,1.1,0.6,0.3,1.0,1.3,9.4
66.0,Alec Burks,SG,21.0,UTA,64.0,0.0,17.8,2.5,6.1,0.42,0.5,1.4,0.359,2.0,4.6,0.439,0.46299999999999997,1.4,2.0,0.713,0.6,1.7,2.3,1.4,0.5,0.2,1.2,1.8,7.0
67.0,Caron Butler,SF,32.0,LAC,78.0,78.0,24.1,3.9,9.2,0.424,1.6,4.2,0.38799999999999996,2.3,5.0,0.45399999999999996,0.513,1.0,1.2,0.833,0.5,2.3,2.9,1.0,0.7,0.1,0.9,1.8,10.4
68.0,Jimmy Butler,SF,23.0,CHI,82.0,20.0,26.0,2.9,6.2,0.467,0.5,1.3,0.381,2.4,5.0,0.489,0.506,2.3,2.8,0.8029999999999999,1.7,2.3,4.0,1.4,1.0,0.4,0.8,1.2,8.6
69.0,Will Bynum,PG,30.0,DET,65.0,0.0,18.8,3.9,8.3,0.469,0.4,1.2,0.316,3.5,7.1,0.494,0.491,1.6,2.0,0.809,0.4,1.1,1.5,3.6,0.7,0.1,1.9,2.0,9.8
70.0,Jose Calderon,PG,31.0,TOT,73.0,58.0,29.6,4.3,8.7,0.491,1.8,3.9,0.461,2.5,4.8,0.516,0.594,1.0,1.1,0.9,0.3,2.1,2.4,7.1,0.8,0.1,1.7,1.4,11.3
70.0,Jose Calderon,PG,31.0,TOR,45.0,30.0,28.3,4.2,8.8,0.47,1.8,4.1,0.429,2.4,4.8,0.505,0.569,1.0,1.2,0.904,0.3,2.0,2.4,7.4,0.6,0.1,1.7,1.3,11.1
70.0,Jose Calderon,PG,31.0,DET,28.0,28.0,31.7,4.5,8.5,0.527,1.8,3.5,0.52,2.6,5.0,0.532,0.635,0.9,1.0,0.893,0.2,2.3,2.5,6.6,1.1,0.1,1.8,1.5,11.6
71.0,Marcus Camby,PF,38.0,NYK,24.0,4.0,10.4,0.7,2.2,0.321,0.0,0.0,0.0,0.7,2.2,0.321,0.321,0.3,0.8,0.42100000000000004,1.0,2.3,3.3,0.6,0.3,0.6,0.6,1.2,1.8
72.0,DeMarre Carroll,SF,26.0,UTA,66.0,12.0,16.8,2.3,4.9,0.46,0.3,1.1,0.28600000000000003,2.0,3.8,0.508,0.491,1.1,1.5,0.765,1.3,1.5,2.8,0.9,0.9,0.4,0.5,1.8,6.0
73.0,Matt Carroll,SG,32.0,CHA,1.0,0.0,6.0,0.0,0.0,0.0,0.0,0.0,0.0,0.0,0.0,0.0,0.0,0.0,0.0,0.0,0.0,0.0,0.0,1.0,0.0,0.0,0.0,1.0,0.0
74.0,Vince Carter,SF,36.0,DAL,81.0,3.0,25.8,4.6,10.6,0.435,2.0,4.9,0.406,2.6,5.6,0.461,0.53,2.2,2.8,0.816,0.7,3.4,4.1,2.4,0.9,0.5,1.3,2.8,13.4
75.0,Omri Casspi,SF,24.0,CLE,43.0,1.0,11.7,1.5,3.7,0.39399999999999996,0.6,1.8,0.32899999999999996,0.9,2.0,0.452,0.47200000000000003,0.5,1.0,0.537,0.5,2.2,2.7,0.7,0.6,0.3,0.5,1.0,4.0
76.0,Mario Chalmers,PG,26.0,MIA,77.0,77.0,26.9,2.9,6.9,0.429,1.6,3.9,0.409,1.4,3.0,0.456,0.545,1.2,1.5,0.795,0.2,2.0,2.2,3.5,1.5,0.2,1.5,2.5,8.6
77.0,Tyson Chandler,C,30.0,NYK,66.0,66.0,32.8,3.9,6.1,0.638,0.0,0.0,0.0,3.9,6.1,0.638,0.638,2.7,3.9,0.6940000000000001,4.1,6.6,10.7,0.9,0.6,1.1,1.3,2.8,10.4
78.0,Wilson Chandler,PF,25.0,DEN,43.0,8.0,25.1,4.9,10.6,0.462,1.2,2.9,0.413,3.7,7.7,0.48,0.519,2.0,2.6,0.7929999999999999,1.0,4.0,5.1,1.3,1.0,0.3,1.4,2.8,13.0
79.0,Josh Childress,SF,29.0,BRK,14.0,0.0,7.1,0.4,1.5,0.28600000000000003,0.1,0.2,0.33299999999999996,0.4,1.3,0.278,0.31,0.1,0.1,0.5,0.4,0.6,1.1,0.4,0.1,0.1,0.0,0.2,1.0
80.0,Earl Clark,PF,25.0,LAL,59.0,36.0,23.1,2.9,6.5,0.44,0.6,1.8,0.337,2.3,4.8,0.479,0.486,0.9,1.3,0.6970000000000001,1.4,4.1,5.5,1.1,0.6,0.7,1.1,1.7,7.3
0.0,Player,Pos,0.0,Tm,0.0,0.0,0.0,0.0,0.0,0.0,0.0,0.0,0.0,0.0,0.0,0.0,0.0,0.0,0.0,0.0,0.0,0.0,0.0,0.0,0.0,0.0,0.0,0.0,0.0
81.0,Victor Claver,SF,24.0,POR,49.0,16.0,16.6,1.5,3.9,0.392,0.5,1.8,0.287,1.0,2.1,0.48,0.45799999999999996,0.3,0.6,0.467,0.6,1.8,2.4,0.9,0.5,0.2,0.9,1.5,3.8
82.0,Norris Cole,PG,24.0,MIA,80.0,4.0,19.9,2.2,5.3,0.42100000000000004,0.4,1.2,0.35700000000000004,1.8,4.1,0.44,0.462,0.7,1.0,0.65,0.2,1.4,1.6,2.1,0.7,0.1,1.3,1.9,5.6
83.0,Jason Collins,C,34.0,TOT,38.0,9.0,10.1,0.2,0.8,0.31,0.0,0.0,0.0,0.2,0.8,0.31,0.31,0.6,0.8,0.7190000000000001,0.6,1.0,1.6,0.2,0.3,0.3,0.5,2.2,1.1
83.0,Jason Collins,C,34.0,BOS,32.0,7.0,10.3,0.3,0.7,0.348,0.0,0.0,0.0,0.3,0.7,0.348,0.348,0.7,0.9,0.7,0.7,1.0,1.6,0.2,0.3,0.2,0.5,2.3,1.2
83.0,Jason Collins,C,34.0,WAS,6.0,2.0,9.0,0.2,1.0,0.16699999999999998,0.0,0.0,0.0,0.2,1.0,0.16699999999999998,0.16699999999999998,0.3,0.3,1.0,0.2,1.2,1.3,0.3,0.3,0.7,0.3,1.8,0.7
84.0,Darren Collison,PG,25.0,DAL,81.0,47.0,29.3,4.2,8.9,0.47100000000000003,0.6,1.7,0.353,3.6,7.3,0.498,0.504,3.0,3.4,0.88,0.4,2.3,2.7,5.1,1.2,0.1,2.1,1.7,12.0
85.0,Nick Collison,C,32.0,OKC,81.0,2.0,19.5,2.2,3.7,0.595,0.0,0.0,0.0,2.2,3.6,0.603,0.595,0.7,1.0,0.769,1.5,2.6,4.1,1.5,0.6,0.4,0.9,2.4,5.1
86.0,Mike Conley,PG,25.0,MEM,80.0,80.0,34.5,5.2,11.8,0.44,1.3,3.7,0.36200000000000004,3.9,8.1,0.47600000000000003,0.49700000000000005,2.9,3.5,0.83,0.5,2.3,2.8,6.1,2.2,0.3,2.4,2.1,14.6
87.0,Will Conroy,PG,30.0,MIN,4.0,0.0,5.0,0.0,2.3,0.0,0.0,0.8,0.0,0.0,1.5,0.0,0.0,0.3,0.5,0.5,0.3,0.0,0.3,0.0,0.0,0.0,0.0,0.3,0.3
88.0,Daequan Cook,SG,25.0,TOT,49.0,1.0,9.0,1.0,3.4,0.305,0.5,1.9,0.28600000000000003,0.5,1.6,0.32899999999999996,0.38299999999999995,0.2,0.2,0.75,0.1,1.1,1.2,0.4,0.2,0.1,0.3,0.5,2.8
88.0,Daequan Cook,SG,25.0,HOU,16.0,1.0,10.3,1.3,3.7,0.35600000000000004,0.7,1.9,0.36700000000000005,0.6,1.8,0.345,0.449,0.1,0.2,0.667,0.3,0.8,1.1,0.6,0.4,0.1,0.4,0.8,3.4
88.0,Daequan Cook,SG,25.0,CHI,33.0,0.0,8.4,0.9,3.3,0.278,0.5,1.8,0.24600000000000002,0.5,1.4,0.319,0.34700000000000003,0.2,0.3,0.778,0.1,1.2,1.3,0.3,0.1,0.2,0.3,0.4,2.5
89.0,Chris Copeland,PF,28.0,NYK,56.0,13.0,15.4,3.3,6.8,0.479,1.1,2.5,0.42100000000000004,2.2,4.3,0.513,0.557,1.1,1.5,0.759,0.6,1.5,2.1,0.5,0.3,0.2,0.9,1.9,8.7
90.0,DeMarcus Cousins,C,22.0,SAC,75.0,74.0,30.5,6.4,13.8,0.465,0.1,0.3,0.182,6.4,13.5,0.47100000000000003,0.467,4.2,5.6,0.738,3.0,7.0,9.9,2.7,1.4,0.7,3.0,3.6,17.1
91.0,Jamal Crawford,SG,32.0,LAC,76.0,0.0,29.3,5.9,13.4,0.43799999999999994,2.0,5.2,0.376,3.9,8.2,0.47700000000000004,0.511,2.8,3.3,0.871,0.3,1.4,1.7,2.5,1.0,0.2,1.9,0.9,16.5
92.0,Jordan Crawford,SG,24.0,TOT,70.0,14.0,24.4,4.3,10.4,0.415,1.2,3.5,0.337,3.1,6.8,0.455,0.47200000000000003,1.8,2.3,0.8109999999999999,0.6,2.4,3.0,3.2,0.6,0.1,2.0,1.5,11.6
92.0,Jordan Crawford,SG,24.0,WAS,43.0,12.0,26.2,4.9,11.8,0.415,1.4,4.0,0.345,3.5,7.8,0.451,0.473,2.0,2.5,0.821,0.7,2.4,3.1,3.7,0.6,0.1,2.3,1.4,13.2
92.0,Jordan Crawford,SG,24.0,BOS,27.0,2.0,21.6,3.3,8.0,0.415,0.9,2.8,0.32,2.4,5.3,0.465,0.47,1.6,2.0,0.792,0.5,2.3,2.7,2.5,0.4,0.1,1.6,1.7,9.1
93.0,Jae Crowder,SF,22.0,DAL,78.0,16.0,17.3,1.8,4.7,0.384,0.8,2.5,0.32799999999999996,1.0,2.2,0.446,0.47,0.6,0.9,0.644,0.4,1.9,2.4,1.2,0.8,0.2,0.6,1.6,5.0
94.0,Dante Cunningham,PF,25.0,MIN,80.0,9.0,25.1,3.9,8.4,0.46799999999999997,0.0,0.1,0.0,3.9,8.3,0.47200000000000003,0.46799999999999997,0.8,1.3,0.65,1.8,3.3,5.1,0.8,1.1,0.5,0.7,1.9,8.7
95.0,Jared Cunningham,SG,21.0,DAL,8.0,0.0,3.3,0.8,1.8,0.429,0.3,0.4,0.667,0.5,1.4,0.364,0.5,0.3,0.3,1.0,0.1,0.3,0.4,0.1,0.1,0.0,0.3,0.4,2.0
96.0,Eddy Curry,C,30.0,DAL,2.0,0.0,12.5,2.0,4.0,0.5,0.0,0.0,0.0,2.0,4.0,0.5,0.5,0.5,2.0,0.25,1.0,1.0,2.0,0.0,0.0,0.0,1.5,3.5,4.5
97.0,Stephen Curry,PG,24.0,GSW,78.0,78.0,38.2,8.0,17.8,0.451,3.5,7.7,0.45299999999999996,4.5,10.1,0.449,0.5489999999999999,3.4,3.7,0.9,0.8,3.3,4.0,6.9,1.6,0.2,3.1,2.5,22.9
98.0,Samuel Dalembert,C,31.0,MIL,47.0,23.0,16.3,2.9,5.4,0.542,0.0,0.0,1.0,2.9,5.4,0.54,0.5429999999999999,0.8,1.2,0.691,2.2,3.6,5.9,0.4,0.4,1.1,1.1,1.9,6.7
99.0,Marquis Daniels,SF,32.0,MIL,59.0,33.0,18.4,2.2,5.9,0.376,0.3,1.2,0.278,1.9,4.7,0.401,0.405,0.7,0.9,0.741,0.8,1.7,2.5,1.1,0.9,0.2,0.8,1.3,5.5
100.0,Anthony Davis,PF,19.0,NOH,64.0,60.0,28.8,5.5,10.6,0.516,0.0,0.1,0.0,5.5,10.5,0.521,0.516,2.6,3.5,0.7509999999999999,2.6,5.6,8.2,1.0,1.2,1.8,1.4,2.5,13.5
0.0,Player,Pos,0.0,Tm,0.0,0.0,0.0,0.0,0.0,0.0,0.0,0.0,0.0,0.0,0.0,0.0,0.0,0.0,0.0,0.0,0.0,0.0,0.0,0.0,0.0,0.0,0.0,0.0,0.0
101.0,Ed Davis,C-PF,23.0,TOT,81.0,28.0,20.1,3.2,6.0,0.539,0.0,0.0,0.0,3.2,6.0,0.539,0.539,1.3,2.1,0.617,1.9,3.8,5.7,0.8,0.5,1.0,0.8,2.4,7.7
101.0,Ed Davis,C,23.0,TOR,45.0,24.0,24.2,4.1,7.5,0.5489999999999999,0.0,0.0,0.0,4.1,7.5,0.5489999999999999,0.5489999999999999,1.5,2.3,0.647,2.1,4.6,6.7,1.2,0.6,0.8,1.0,2.5,9.7
101.0,Ed Davis,PF,23.0,MEM,36.0,4.0,15.1,2.1,4.0,0.517,0.0,0.0,0.0,2.1,4.0,0.517,0.517,1.0,1.8,0.569,1.6,2.9,4.4,0.2,0.4,1.3,0.5,2.2,5.1
102.0,Glen Davis,PF,27.0,ORL,34.0,33.0,31.3,6.3,14.1,0.44799999999999995,0.0,0.1,0.0,6.3,14.0,0.45,0.44799999999999995,2.5,3.4,0.718,1.6,5.6,7.2,2.1,0.9,0.6,1.9,2.6,15.1
103.0,Austin Daye,SF,24.0,TOT,55.0,0.0,12.3,1.6,3.8,0.433,0.7,1.8,0.418,0.9,2.0,0.445,0.531,0.5,0.6,0.765,0.3,1.9,2.2,0.8,0.3,0.4,0.5,1.5,4.5
103.0,Austin Daye,SF,24.0,DET,24.0,0.0,14.5,1.8,4.0,0.44299999999999995,0.9,1.7,0.525,0.9,2.4,0.386,0.552,0.6,0.8,0.833,0.4,2.2,2.6,0.9,0.2,0.3,0.5,1.8,5.1
103.0,Austin Daye,SF,24.0,MEM,31.0,0.0,10.6,1.5,3.6,0.423,0.6,1.9,0.345,0.9,1.7,0.509,0.514,0.4,0.5,0.688,0.2,1.7,1.9,0.7,0.3,0.5,0.5,1.3,4.0
104.0,Nando De Colo,SG,25.0,SAS,72.0,6.0,12.8,1.5,3.3,0.436,0.4,1.1,0.37799999999999995,1.0,2.2,0.465,0.5,0.5,0.6,0.795,0.3,1.6,1.9,1.9,0.6,0.1,1.1,1.2,3.8
105.0,Carlos Delfino,SF,30.0,HOU,67.0,5.0,25.2,3.7,9.3,0.405,2.4,6.3,0.375,1.4,3.0,0.467,0.532,0.7,0.8,0.857,0.3,3.0,3.3,2.0,1.0,0.1,1.1,1.7,10.6
106.0,Luol Deng,SF,27.0,CHI,75.0,75.0,38.7,6.2,14.6,0.426,1.0,3.1,0.322,5.2,11.5,0.455,0.461,3.1,3.8,0.816,2.2,4.2,6.3,3.0,1.1,0.4,1.9,1.4,16.5
107.0,Justin Dentmon,PG,27.0,DAL,2.0,0.0,2.0,0.0,1.0,0.0,0.0,0.0,0.0,0.0,1.0,0.0,0.0,0.0,0.0,0.0,0.0,0.0,0.0,0.0,0.0,0.0,0.0,0.0,0.0
108.0,DeMar DeRozan,SG,23.0,TOR,82.0,82.0,36.7,6.7,15.0,0.445,0.4,1.5,0.28300000000000003,6.3,13.5,0.46299999999999997,0.45899999999999996,4.3,5.2,0.831,0.6,3.3,3.9,2.5,0.9,0.3,1.8,2.1,18.1
109.0,Boris Diaw,PF,30.0,SAS,75.0,20.0,22.8,2.4,4.4,0.539,0.4,1.0,0.385,2.0,3.4,0.5870000000000001,0.584,0.6,0.9,0.723,0.9,2.5,3.4,2.4,0.7,0.4,1.1,1.9,5.8
110.0,DeSagana Diop,C,31.0,CHA,22.0,1.0,10.3,0.4,1.2,0.29600000000000004,0.0,0.0,0.0,0.4,1.2,0.308,0.29600000000000004,0.0,0.0,0.0,0.5,1.9,2.3,0.6,0.2,0.7,0.4,0.9,0.7
111.0,Keyon Dooling,PG,32.0,MEM,7.0,0.0,11.7,1.4,3.0,0.47600000000000003,0.7,1.7,0.41700000000000004,0.7,1.3,0.556,0.595,0.9,1.0,0.857,0.0,0.1,0.1,1.1,0.1,0.0,0.7,1.1,4.4
112.0,Toney Douglas,PG,26.0,TOT,71.0,0.0,18.2,2.6,6.6,0.40299999999999997,1.2,3.0,0.38,1.5,3.5,0.424,0.491,1.1,1.2,0.905,0.5,1.5,1.9,2.1,1.0,0.0,1.1,2.0,7.5
112.0,Toney Douglas,PG,26.0,HOU,49.0,0.0,18.6,2.8,7.2,0.395,1.2,3.3,0.377,1.6,3.9,0.41100000000000003,0.48200000000000004,1.2,1.4,0.882,0.5,1.4,1.8,1.9,0.8,0.0,1.1,2.1,8.1
112.0,Toney Douglas,PG,26.0,SAC,22.0,0.0,17.1,2.2,5.2,0.43,1.0,2.5,0.389,1.3,2.7,0.467,0.522,0.7,0.7,1.0,0.5,1.7,2.2,2.6,1.4,0.0,1.1,1.9,6.1
113.0,Chris Douglas-Roberts,SG,26.0,DAL,6.0,0.0,10.5,0.8,2.3,0.35700000000000004,0.0,0.7,0.0,0.8,1.7,0.5,0.35700000000000004,1.2,1.7,0.7,0.0,0.8,0.8,0.7,0.3,0.0,0.2,0.7,2.8
114.0,Goran Dragic,PG,26.0,PHO,77.0,77.0,33.5,5.2,11.8,0.44299999999999995,1.1,3.6,0.319,4.1,8.2,0.49700000000000005,0.491,3.2,4.2,0.748,0.8,2.3,3.1,7.4,1.6,0.3,2.8,2.8,14.7
115.0,Andre Drummond,C,19.0,DET,60.0,10.0,20.7,3.5,5.7,0.608,0.0,0.0,0.5,3.5,5.7,0.609,0.61,1.0,2.7,0.371,2.8,4.8,7.6,0.5,1.0,1.6,1.0,2.4,7.9
116.0,Jared Dudley,SF,27.0,PHO,79.0,50.0,27.5,4.0,8.5,0.46799999999999997,1.3,3.4,0.391,2.6,5.0,0.52,0.547,1.6,2.1,0.7959999999999999,1.0,2.1,3.1,2.6,0.9,0.1,1.3,1.6,10.9
117.0,Chris Duhon,PG,30.0,LAL,46.0,9.0,17.8,1.0,2.7,0.382,0.7,2.0,0.363,0.3,0.7,0.43799999999999994,0.516,0.1,0.3,0.462,0.2,1.2,1.5,2.9,0.4,0.0,0.9,1.2,2.9
118.0,Tim Duncan,C,36.0,SAS,69.0,69.0,30.1,7.1,14.1,0.502,0.0,0.1,0.28600000000000003,7.1,14.0,0.504,0.503,3.6,4.3,0.8170000000000001,1.8,8.1,9.9,2.7,0.7,2.7,2.1,1.7,17.8
119.0,Mike Dunleavy,SF,32.0,MIL,75.0,3.0,25.9,3.7,8.3,0.442,1.7,4.0,0.428,2.0,4.3,0.455,0.545,1.4,1.7,0.82,0.4,3.5,3.9,1.9,0.5,0.5,1.2,1.8,10.5
120.0,Kevin Durant,SF,24.0,OKC,81.0,81.0,38.5,9.0,17.7,0.51,1.7,4.1,0.41600000000000004,7.3,13.6,0.539,0.5589999999999999,8.4,9.3,0.905,0.6,7.3,7.9,4.6,1.4,1.3,3.5,1.8,28.1
0.0,Player,Pos,0.0,Tm,0.0,0.0,0.0,0.0,0.0,0.0,0.0,0.0,0.0,0.0,0.0,0.0,0.0,0.0,0.0,0.0,0.0,0.0,0.0,0.0,0.0,0.0,0.0,0.0,0.0
121.0,Devin Ebanks,SF,23.0,LAL,19.0,3.0,10.4,1.3,3.8,0.32899999999999996,0.3,1.2,0.273,0.9,2.7,0.353,0.37,0.6,0.7,0.7859999999999999,0.5,1.6,2.2,0.5,0.2,0.1,0.6,1.2,3.4
122.0,Wayne Ellington,SG,25.0,TOT,78.0,21.0,21.3,2.9,6.8,0.42700000000000005,1.2,3.1,0.392,1.7,3.7,0.457,0.516,0.9,1.0,0.907,0.3,1.8,2.1,1.3,0.6,0.0,0.7,1.0,7.9
122.0,Wayne Ellington,SG,25.0,MEM,40.0,4.0,16.9,2.0,5.0,0.40700000000000003,1.0,2.4,0.423,1.0,2.6,0.392,0.51,0.4,0.4,0.938,0.1,1.2,1.3,1.1,0.4,0.0,0.6,1.0,5.5
122.0,Wayne Ellington,SG,25.0,CLE,38.0,17.0,25.9,3.8,8.7,0.439,1.4,3.8,0.371,2.4,4.9,0.49200000000000005,0.52,1.4,1.6,0.898,0.5,2.5,3.0,1.6,0.8,0.1,0.9,1.1,10.4
123.0,Monta Ellis,SG,27.0,MIL,82.0,82.0,37.5,7.3,17.5,0.41600000000000004,1.1,4.0,0.287,6.1,13.5,0.45399999999999996,0.44799999999999995,3.5,4.6,0.773,0.5,3.3,3.9,6.0,2.1,0.4,3.1,2.0,19.2
124.0,Kim English,SG,24.0,DET,41.0,0.0,9.9,1.0,2.7,0.375,0.3,1.2,0.28,0.7,1.5,0.452,0.43799999999999994,0.5,0.7,0.7240000000000001,0.2,0.7,0.9,0.6,0.4,0.1,0.5,1.1,2.9
125.0,Jeremy Evans,PF,25.0,UTA,37.0,0.0,5.8,0.7,1.2,0.614,0.0,0.0,0.0,0.7,1.2,0.628,0.614,0.6,0.9,0.636,0.7,0.9,1.6,0.3,0.2,0.4,0.2,0.8,2.0
126.0,Reggie Evans,PF,32.0,BRK,80.0,56.0,24.6,1.6,3.3,0.479,0.0,0.0,0.0,1.6,3.3,0.479,0.479,1.4,2.8,0.509,3.3,7.9,11.1,0.5,0.9,0.2,1.4,2.5,4.5
127.0,Tyreke Evans,SG,23.0,SAC,65.0,61.0,31.0,5.6,11.8,0.478,0.7,2.0,0.33799999999999997,4.9,9.7,0.508,0.508,3.2,4.2,0.775,0.9,3.6,4.4,3.5,1.4,0.4,2.0,2.0,15.2
128.0,Festus Ezeli,C,23.0,GSW,78.0,41.0,14.4,0.9,2.2,0.43799999999999994,0.0,0.0,0.0,0.9,2.2,0.43799999999999994,0.43799999999999994,0.6,1.0,0.531,1.8,2.2,4.0,0.3,0.3,0.9,0.8,2.0,2.4
129.0,Kenneth Faried,PF,23.0,DEN,80.0,80.0,28.1,4.8,8.6,0.552,0.0,0.0,0.0,4.8,8.6,0.552,0.552,2.0,3.3,0.613,3.3,5.9,9.2,1.0,1.0,1.0,1.4,2.9,11.5
130.0,Derrick Favors,PF,21.0,UTA,77.0,8.0,23.2,3.6,7.4,0.48200000000000004,0.0,0.1,0.0,3.6,7.3,0.48700000000000004,0.48200000000000004,2.3,3.4,0.688,2.4,4.7,7.1,1.0,0.9,1.7,1.7,3.2,9.4
131.0,Raymond Felton,PG,28.0,NYK,68.0,68.0,34.0,5.5,13.0,0.42700000000000005,1.4,3.8,0.36,4.2,9.2,0.455,0.48,1.5,1.9,0.789,0.8,2.1,2.9,5.5,1.4,0.2,2.3,1.9,13.9
132.0,Landry Fields,SF,24.0,TOR,51.0,22.0,20.3,2.0,4.4,0.457,0.0,0.3,0.14300000000000002,2.0,4.1,0.478,0.462,0.7,1.0,0.642,1.2,2.9,4.1,1.2,0.6,0.2,0.8,1.2,4.7
133.0,Derek Fisher,SG-PG,38.0,TOT,33.0,9.0,17.4,1.7,4.9,0.342,0.9,2.4,0.375,0.8,2.5,0.309,0.435,1.1,1.2,0.9209999999999999,0.1,1.1,1.1,1.4,0.6,0.1,0.9,1.7,5.3
133.0,Derek Fisher,PG,38.0,DAL,9.0,9.0,25.4,2.6,7.2,0.354,1.1,2.6,0.435,1.4,4.7,0.31,0.431,2.3,2.6,0.9129999999999999,0.0,1.7,1.7,3.4,0.6,0.2,2.0,2.7,8.6
133.0,Derek Fisher,SG,38.0,OKC,24.0,0.0,14.4,1.3,4.0,0.33299999999999996,0.8,2.4,0.35100000000000003,0.5,1.6,0.308,0.43799999999999994,0.6,0.6,0.9329999999999999,0.1,0.8,0.9,0.7,0.6,0.0,0.5,1.3,4.1
134.0,Evan Fournier,SG,20.0,DEN,38.0,4.0,11.3,2.0,4.0,0.493,0.6,1.4,0.40700000000000003,1.4,2.6,0.541,0.5660000000000001,0.8,1.0,0.769,0.2,0.8,0.9,1.2,0.5,0.0,0.8,1.7,5.3
135.0,Randy Foye,SG,29.0,UTA,82.0,72.0,27.4,3.6,9.0,0.397,2.2,5.3,0.41,1.4,3.7,0.37799999999999995,0.518,1.4,1.8,0.8190000000000001,0.2,1.3,1.5,2.0,0.8,0.3,1.1,2.3,10.8
136.0,Jimmer Fredette,SG,23.0,SAC,69.0,0.0,14.0,2.5,5.9,0.42100000000000004,0.9,2.3,0.41700000000000004,1.6,3.7,0.423,0.5,1.2,1.4,0.8590000000000001,0.3,0.8,1.0,1.3,0.4,0.0,1.0,0.9,7.2
137.0,Joel Freeland,PF,25.0,POR,51.0,1.0,9.4,1.1,2.8,0.408,0.0,0.0,0.0,1.1,2.8,0.408,0.408,0.4,0.5,0.667,0.8,1.5,2.3,0.3,0.3,0.2,0.4,1.3,2.6
138.0,Danilo Gallinari,SF,24.0,DEN,71.0,71.0,32.5,5.1,12.3,0.418,1.9,5.1,0.373,3.2,7.2,0.45,0.495,4.0,4.9,0.8220000000000001,0.9,4.3,5.2,2.5,0.9,0.5,1.6,1.8,16.2
139.0,Francisco Garcia,SG-SF,31.0,TOT,58.0,20.0,17.7,2.0,5.2,0.39299999999999996,1.2,3.1,0.374,0.9,2.1,0.42100000000000004,0.505,0.3,0.4,0.857,0.1,1.4,1.6,1.1,0.8,0.7,0.6,1.5,5.5
139.0,Francisco Garcia,SG,31.0,SAC,40.0,15.0,17.8,1.9,5.1,0.376,1.0,2.7,0.36700000000000005,0.9,2.4,0.385,0.473,0.3,0.4,0.857,0.2,1.5,1.7,1.1,0.8,0.8,0.5,1.7,5.2
139.0,Francisco Garcia,SF,31.0,HOU,18.0,5.0,17.7,2.3,5.3,0.43200000000000005,1.5,3.9,0.386,0.8,1.4,0.56,0.574,0.3,0.4,0.857,0.1,1.2,1.3,1.1,0.8,0.4,0.7,1.2,6.4
140.0,Kevin Garnett,C,36.0,BOS,68.0,68.0,29.7,6.2,12.5,0.496,0.0,0.2,0.125,6.2,12.3,0.504,0.498,2.3,3.0,0.7859999999999999,1.1,6.7,7.8,2.3,1.1,0.9,1.6,2.3,14.8
0.0,Player,Pos,0.0,Tm,0.0,0.0,0.0,0.0,0.0,0.0,0.0,0.0,0.0,0.0,0.0,0.0,0.0,0.0,0.0,0.0,0.0,0.0,0.0,0.0,0.0,0.0,0.0,0.0,0.0
141.0,Diante Garrett,PG,24.0,PHO,19.0,0.0,7.8,0.8,2.6,0.327,0.2,0.8,0.2,0.7,1.8,0.382,0.35700000000000004,0.3,0.5,0.5,0.3,0.5,0.8,1.6,0.5,0.0,0.8,0.3,2.1
142.0,Marc Gasol,C,28.0,MEM,80.0,80.0,35.0,5.4,10.9,0.494,0.0,0.2,0.071,5.4,10.7,0.501,0.494,3.4,4.0,0.848,2.3,5.5,7.8,4.0,1.0,1.7,2.0,3.2,14.1
143.0,Pau Gasol,PF,32.0,LAL,49.0,42.0,33.8,5.5,11.8,0.466,0.2,0.6,0.28600000000000003,5.3,11.2,0.475,0.473,2.6,3.6,0.7020000000000001,2.3,6.3,8.6,4.1,0.5,1.2,2.1,1.9,13.7
144.0,Rudy Gay,SF,26.0,TOT,75.0,74.0,35.8,6.9,16.7,0.41600000000000004,1.1,3.5,0.32299999999999995,5.8,13.2,0.44,0.449,3.2,3.9,0.8140000000000001,1.3,4.8,6.1,2.7,1.5,0.7,2.6,2.4,18.2
144.0,Rudy Gay,SF,26.0,MEM,42.0,42.0,36.7,6.7,16.4,0.408,1.0,3.1,0.31,5.7,13.3,0.431,0.43799999999999994,2.9,3.7,0.7759999999999999,1.3,4.6,5.9,2.6,1.3,0.7,2.5,2.1,17.2
144.0,Rudy Gay,SF,26.0,TOR,33.0,32.0,34.7,7.3,17.1,0.425,1.3,4.0,0.336,5.9,13.2,0.452,0.46399999999999997,3.6,4.2,0.856,1.3,5.1,6.4,2.8,1.7,0.7,2.8,2.9,19.5
145.0,Alonzo Gee,SF,25.0,CLE,82.0,82.0,31.0,3.7,9.1,0.41,0.8,2.7,0.315,2.9,6.4,0.45,0.456,2.0,2.5,0.795,0.9,3.0,3.9,1.6,1.3,0.4,1.6,2.4,10.3
146.0,Mickael Gelabale,SF,29.0,MIN,36.0,13.0,17.9,2.0,3.9,0.518,0.4,1.4,0.308,1.6,2.4,0.644,0.5760000000000001,0.6,0.7,0.875,0.9,1.9,2.8,0.7,0.4,0.1,0.4,1.3,5.0
147.0,Paul George,SF,22.0,IND,79.0,79.0,37.6,6.2,14.9,0.419,2.2,5.9,0.36200000000000004,4.1,8.9,0.457,0.491,2.8,3.5,0.807,1.1,6.5,7.6,4.1,1.8,0.6,2.9,2.9,17.4
148.0,Daniel Gibson,PG,26.0,CLE,46.0,3.0,20.0,1.8,5.4,0.34,1.2,3.5,0.344,0.6,1.8,0.33299999999999996,0.45299999999999996,0.6,0.8,0.703,0.1,1.2,1.3,1.8,0.7,0.1,0.7,1.9,5.4
149.0,Taj Gibson,PF,27.0,CHI,65.0,5.0,22.4,3.3,6.8,0.485,0.0,0.1,0.0,3.3,6.7,0.49,0.485,1.4,2.0,0.679,1.9,3.4,5.3,0.9,0.4,1.4,1.2,2.6,8.0
150.0,Manu Ginobili,SG,35.0,SAS,60.0,0.0,23.2,3.8,9.0,0.425,1.4,3.9,0.353,2.4,5.1,0.48,0.502,2.7,3.4,0.7959999999999999,0.5,2.9,3.4,4.6,1.3,0.2,2.2,1.9,11.8
151.0,Drew Gooden,C,31.0,MIL,16.0,0.0,9.4,1.3,3.8,0.32799999999999996,0.1,0.3,0.2,1.2,3.5,0.33899999999999997,0.336,0.7,1.0,0.688,0.8,1.1,1.9,0.4,0.3,0.4,0.6,1.3,3.3
152.0,Ben Gordon,SG,29.0,CHA,75.0,0.0,20.8,4.1,10.1,0.408,1.5,3.9,0.387,2.6,6.2,0.42100000000000004,0.48200000000000004,1.4,1.7,0.843,0.2,1.5,1.7,1.9,0.5,0.2,1.8,1.8,11.2
153.0,Eric Gordon,SG,24.0,NOH,42.0,40.0,30.1,5.6,13.9,0.402,1.3,4.1,0.324,4.3,9.8,0.436,0.45,4.5,5.3,0.8420000000000001,0.2,1.6,1.8,3.3,1.1,0.2,2.8,1.8,17.0
154.0,Marcin Gortat,C,28.0,PHO,61.0,61.0,30.8,4.8,9.3,0.521,0.0,0.0,0.0,4.8,9.2,0.524,0.521,1.5,2.3,0.652,2.1,6.4,8.5,1.2,0.7,1.6,1.6,2.1,11.1
155.0,Andrew Goudelock,SG,24.0,LAL,1.0,0.0,6.0,0.0,2.0,0.0,0.0,0.0,0.0,0.0,2.0,0.0,0.0,0.0,0.0,0.0,1.0,0.0,1.0,0.0,0.0,0.0,0.0,0.0,0.0
156.0,Danny Granger,SF,29.0,IND,5.0,0.0,14.8,2.0,7.0,0.28600000000000003,0.4,2.0,0.2,1.6,5.0,0.32,0.314,1.0,1.6,0.625,0.6,1.2,1.8,0.6,0.4,0.2,0.8,1.2,5.4
157.0,Aaron Gray,C,28.0,TOR,42.0,16.0,12.2,1.1,2.1,0.5329999999999999,0.0,0.0,0.0,1.1,2.1,0.5329999999999999,0.5329999999999999,0.5,1.0,0.523,1.1,2.0,3.2,0.8,0.2,0.1,0.9,2.0,2.8
158.0,Danny Green,SG,25.0,SAS,80.0,80.0,27.5,3.7,8.3,0.44799999999999995,2.2,5.2,0.429,1.5,3.1,0.48,0.581,0.8,1.0,0.848,0.5,2.6,3.1,1.8,1.2,0.7,1.2,1.6,10.5
159.0,Draymond Green,SF,22.0,GSW,79.0,1.0,13.4,1.1,3.3,0.327,0.2,0.8,0.209,0.9,2.4,0.368,0.354,0.6,0.7,0.818,0.7,2.6,3.3,0.7,0.5,0.3,0.6,2.0,2.9
160.0,Gerald Green,SF,27.0,IND,60.0,7.0,18.0,2.6,7.1,0.366,1.0,3.1,0.314,1.6,3.9,0.40700000000000003,0.435,0.9,1.1,0.8,0.5,1.8,2.4,0.8,0.3,0.4,0.9,1.1,7.0
0.0,Player,Pos,0.0,Tm,0.0,0.0,0.0,0.0,0.0,0.0,0.0,0.0,0.0,0.0,0.0,0.0,0.0,0.0,0.0,0.0,0.0,0.0,0.0,0.0,0.0,0.0,0.0,0.0,0.0
161.0,Jeff Green,PF,26.0,BOS,81.0,17.0,27.8,4.6,10.0,0.467,0.9,2.2,0.385,3.8,7.7,0.49,0.51,2.6,3.3,0.8079999999999999,0.7,3.2,3.9,1.6,0.7,0.8,1.6,2.2,12.8
162.0,Willie Green,SG,31.0,LAC,72.0,60.0,16.5,2.5,5.4,0.461,1.0,2.3,0.428,1.5,3.1,0.486,0.5529999999999999,0.3,0.4,0.7190000000000001,0.2,1.1,1.3,0.8,0.4,0.2,0.4,1.3,6.3
163.0,Blake Griffin,PF,23.0,LAC,80.0,80.0,32.5,7.2,13.4,0.5379999999999999,0.1,0.4,0.179,7.2,13.1,0.5479999999999999,0.541,3.5,5.3,0.66,2.3,6.0,8.3,3.7,1.2,0.6,2.3,2.9,18.0
164.0,Hamed Haddadi,C,27.0,TOT,30.0,0.0,10.7,1.2,2.7,0.42700000000000005,0.0,0.0,0.0,1.2,2.7,0.42700000000000005,0.42700000000000005,0.5,0.9,0.519,1.4,2.3,3.7,0.4,0.2,0.9,1.0,2.0,2.8
164.0,Hamed Haddadi,C,27.0,MEM,13.0,0.0,6.7,0.5,1.6,0.33299999999999996,0.0,0.0,0.0,0.5,1.6,0.33299999999999996,0.33299999999999996,0.1,0.2,0.5,0.8,1.1,1.8,0.3,0.1,0.5,0.3,1.2,1.2
164.0,Hamed Haddadi,C,27.0,PHO,17.0,0.0,13.8,1.6,3.6,0.45899999999999996,0.0,0.0,0.0,1.6,3.6,0.45899999999999996,0.45899999999999996,0.8,1.5,0.52,1.9,3.2,5.1,0.5,0.3,1.2,1.6,2.6,4.1
165.0,Jordan Hamilton,SF,22.0,DEN,40.0,1.0,9.9,2.1,5.0,0.418,0.7,1.8,0.37,1.4,3.2,0.445,0.485,0.3,0.7,0.5,0.8,1.6,2.4,0.6,0.4,0.2,0.5,0.6,5.2
166.0,Richard Hamilton,SG,34.0,CHI,50.0,45.0,21.8,4.1,9.5,0.429,0.3,1.0,0.308,3.8,8.5,0.444,0.446,1.3,1.5,0.857,0.3,1.3,1.7,2.4,0.5,0.1,1.7,1.9,9.8
167.0,Ben Hansbrough,PG,25.0,IND,28.0,0.0,7.1,0.5,1.6,0.33299999999999996,0.2,0.8,0.261,0.3,0.8,0.409,0.4,0.8,1.0,0.778,0.1,0.6,0.6,0.8,0.3,0.1,0.6,0.8,2.0
168.0,Tyler Hansbrough,PF,27.0,IND,81.0,8.0,16.9,2.2,5.0,0.43200000000000005,0.0,0.0,0.0,2.2,5.0,0.436,0.43200000000000005,2.7,3.7,0.72,2.0,2.6,4.6,0.4,0.4,0.2,1.0,1.9,7.0
169.0,James Harden,SG,23.0,HOU,78.0,78.0,38.3,7.5,17.1,0.43799999999999994,2.3,6.2,0.368,5.2,10.9,0.47700000000000004,0.504,8.6,10.2,0.851,0.8,4.1,4.9,5.8,1.8,0.5,3.8,2.3,25.9
170.0,Maurice Harkless,SF,19.0,ORL,76.0,59.0,26.0,3.4,7.4,0.461,0.4,1.5,0.27399999999999997,3.0,5.9,0.51,0.489,1.0,1.7,0.57,1.6,2.8,4.4,0.7,1.2,0.8,0.9,1.9,8.2
171.0,Josh Harrellson,C,23.0,MIA,6.0,0.0,5.2,0.7,1.5,0.444,0.2,0.8,0.2,0.5,0.7,0.75,0.5,0.2,0.3,0.5,0.5,0.7,1.2,0.0,0.2,0.2,0.5,0.7,1.7
172.0,Al Harrington,C,32.0,ORL,10.0,0.0,11.9,2.0,5.7,0.35100000000000003,0.8,3.0,0.267,1.2,2.7,0.444,0.42100000000000004,0.3,0.4,0.75,0.6,2.1,2.7,1.0,0.4,0.1,0.7,1.8,5.1
173.0,Devin Harris,SG,29.0,ATL,58.0,34.0,24.5,3.3,7.6,0.43799999999999994,1.3,4.0,0.335,2.0,3.7,0.5489999999999999,0.525,1.9,2.7,0.727,0.1,1.9,2.0,3.4,1.1,0.2,1.5,1.8,9.9
174.0,Terrel Harris,SG,25.0,TOT,20.0,0.0,6.9,0.2,1.4,0.14800000000000002,0.0,0.4,0.0,0.2,1.0,0.21100000000000002,0.14800000000000002,0.4,0.5,0.7,0.2,1.1,1.3,0.5,0.1,0.2,0.9,0.9,0.8
174.0,Terrel Harris,SG,25.0,MIA,7.0,0.0,4.1,0.3,1.1,0.25,0.0,0.1,0.0,0.3,1.0,0.28600000000000003,0.25,0.9,1.1,0.75,0.6,0.7,1.3,0.3,0.0,0.0,0.6,0.4,1.4
174.0,Terrel Harris,SG,25.0,NOH,13.0,0.0,8.3,0.2,1.5,0.105,0.0,0.5,0.0,0.2,0.9,0.16699999999999998,0.105,0.1,0.2,0.5,0.0,1.3,1.3,0.5,0.2,0.2,1.0,1.1,0.4
175.0,Tobias Harris,SF-PF,20.0,TOT,55.0,34.0,23.6,4.2,9.3,0.455,0.6,2.0,0.315,3.6,7.3,0.493,0.488,1.9,2.5,0.752,1.3,3.9,5.2,1.3,0.6,0.8,1.2,2.2,11.0
175.0,Tobias Harris,SF,20.0,MIL,28.0,14.0,11.6,1.9,4.1,0.461,0.3,0.8,0.33299999999999996,1.6,3.4,0.489,0.491,0.8,0.9,0.885,0.6,1.4,2.0,0.5,0.3,0.3,0.6,1.1,4.9
175.0,Tobias Harris,PF,20.0,ORL,27.0,20.0,36.1,6.7,14.7,0.45299999999999996,1.0,3.2,0.31,5.7,11.5,0.494,0.48700000000000004,3.0,4.1,0.721,2.1,6.4,8.5,2.1,0.9,1.4,1.8,3.3,17.3
176.0,Udonis Haslem,PF,32.0,MIA,75.0,59.0,18.9,1.7,3.3,0.514,0.0,0.0,0.0,1.7,3.3,0.514,0.514,0.4,0.6,0.711,1.3,4.1,5.4,0.5,0.4,0.2,0.6,2.3,3.9
177.0,Spencer Hawes,C,24.0,PHI,82.0,40.0,27.2,4.6,9.9,0.46399999999999997,0.4,1.1,0.35600000000000004,4.2,8.8,0.47700000000000004,0.483,1.5,1.9,0.777,2.1,5.1,7.2,2.2,0.3,1.4,1.6,2.8,11.0
178.0,Chuck Hayes,C,29.0,SAC,74.0,1.0,16.3,1.1,2.6,0.442,0.0,0.0,0.0,1.1,2.6,0.444,0.442,0.4,0.6,0.625,1.5,2.5,4.0,1.5,0.4,0.2,0.6,1.5,2.7
179.0,Gordon Hayward,SF,22.0,UTA,72.0,27.0,29.2,4.7,10.7,0.435,1.4,3.4,0.415,3.3,7.3,0.444,0.501,3.4,4.1,0.8270000000000001,0.7,2.4,3.1,3.0,0.8,0.5,1.7,1.7,14.1
180.0,Lazar Hayward,SF,26.0,MIN,4.0,0.0,7.8,0.5,2.5,0.2,0.0,1.0,0.0,0.5,1.5,0.33299999999999996,0.2,1.5,1.5,1.0,0.0,1.0,1.0,0.8,0.5,0.0,0.0,0.8,2.5
0.0,Player,Pos,0.0,Tm,0.0,0.0,0.0,0.0,0.0,0.0,0.0,0.0,0.0,0.0,0.0,0.0,0.0,0.0,0.0,0.0,0.0,0.0,0.0,0.0,0.0,0.0,0.0,0.0,0.0
181.0,Brendan Haywood,C,33.0,CHA,61.0,17.0,19.0,1.5,3.5,0.431,0.0,0.0,0.0,1.5,3.5,0.433,0.431,0.5,1.1,0.455,2.0,2.7,4.8,0.5,0.3,0.8,0.8,2.0,3.5
182.0,Gerald Henderson,SG,25.0,CHA,68.0,58.0,31.4,5.6,12.6,0.447,0.5,1.5,0.33,5.1,11.1,0.462,0.466,3.8,4.6,0.8240000000000001,0.8,2.9,3.7,2.6,1.0,0.5,1.6,2.2,15.5
183.0,Xavier Henry,SF,21.0,NOH,50.0,2.0,12.5,1.3,3.2,0.41,0.1,0.2,0.364,1.2,3.0,0.413,0.42200000000000004,1.2,1.8,0.63,0.4,1.4,1.8,0.3,0.3,0.1,0.6,1.4,3.9
184.0,John Henson,PF,22.0,MIL,63.0,9.0,13.1,2.6,5.3,0.48200000000000004,0.0,0.0,0.0,2.6,5.3,0.486,0.48200000000000004,0.9,1.7,0.5329999999999999,1.8,2.9,4.7,0.5,0.3,0.7,0.7,1.3,6.0
185.0,Roy Hibbert,C,26.0,IND,79.0,79.0,28.7,4.9,10.9,0.44799999999999995,0.0,0.1,0.25,4.9,10.8,0.449,0.449,2.1,2.8,0.741,3.7,4.6,8.3,1.4,0.5,2.6,2.1,3.5,11.9
186.0,J.J. Hickson,C,24.0,POR,80.0,80.0,29.0,5.2,9.3,0.562,0.0,0.0,0.0,5.2,9.3,0.563,0.562,2.3,3.4,0.679,3.3,7.0,10.4,1.1,0.6,0.6,1.8,2.0,12.7
187.0,Cory Higgins,SG,23.0,CHA,6.0,0.0,5.3,1.0,3.2,0.316,0.2,0.8,0.2,0.8,2.3,0.35700000000000004,0.342,0.2,0.3,0.5,0.2,0.3,0.5,0.8,0.5,0.0,0.0,0.8,2.3
188.0,Nene Hilario,PF,30.0,WAS,61.0,49.0,27.2,4.7,9.7,0.48,0.0,0.0,0.0,4.7,9.7,0.48100000000000004,0.48,3.2,4.4,0.7290000000000001,1.7,5.0,6.7,2.9,0.9,0.6,2.3,2.8,12.6
189.0,George Hill,PG,26.0,IND,76.0,76.0,34.5,5.1,11.5,0.44299999999999995,1.7,4.6,0.368,3.4,6.8,0.494,0.518,2.3,2.8,0.8170000000000001,0.6,3.1,3.7,4.7,1.1,0.3,1.5,1.8,14.2
190.0,Grant Hill,SF,40.0,LAC,29.0,0.0,15.1,1.3,3.4,0.38799999999999996,0.1,0.4,0.273,1.2,3.0,0.402,0.40299999999999997,0.5,0.8,0.583,0.2,1.5,1.7,0.9,0.4,0.2,0.9,1.3,3.2
191.0,Jordan Hill,PF,25.0,LAL,29.0,1.0,15.8,2.7,5.3,0.49700000000000005,0.0,0.1,0.0,2.7,5.3,0.503,0.49700000000000005,1.4,2.1,0.6559999999999999,2.8,2.9,5.7,0.4,0.3,0.7,0.9,1.9,6.7
192.0,Kirk Hinrich,PG,32.0,CHI,60.0,60.0,29.4,2.7,7.0,0.377,1.2,3.0,0.39,1.5,4.0,0.36700000000000005,0.461,1.2,1.6,0.7140000000000001,0.3,2.4,2.6,5.2,1.1,0.4,1.7,3.2,7.7
193.0,Jrue Holiday,PG,22.0,PHI,78.0,78.0,37.5,7.1,16.5,0.431,1.2,3.2,0.368,5.9,13.3,0.446,0.466,2.3,3.1,0.752,1.1,3.1,4.2,8.0,1.6,0.4,3.7,2.2,17.7
194.0,Justin Holiday,SG,23.0,PHI,9.0,0.0,15.8,1.8,5.3,0.33299999999999996,0.4,1.8,0.25,1.3,3.6,0.375,0.375,0.7,0.9,0.75,0.0,1.6,1.6,1.7,0.3,0.7,1.0,0.8,4.7
195.0,Ryan Hollins,C,28.0,LAC,60.0,0.0,11.1,1.2,1.9,0.614,0.0,0.0,0.0,1.2,1.9,0.614,0.614,1.1,1.5,0.75,0.8,1.5,2.3,0.2,0.1,0.6,0.7,2.2,3.4
196.0,Tyler Honeycutt,SF,22.0,SAC,9.0,0.0,3.6,0.3,1.2,0.273,0.0,0.2,0.0,0.3,1.0,0.33299999999999996,0.273,0.2,0.2,1.0,0.3,0.8,1.1,0.2,0.0,0.1,0.6,0.2,0.9
197.0,Al Horford,C,26.0,ATL,74.0,74.0,37.2,7.8,14.3,0.5429999999999999,0.0,0.1,0.5,7.7,14.2,0.544,0.545,1.8,2.8,0.644,2.6,7.6,10.2,3.2,1.1,1.1,2.0,2.2,17.4
198.0,Dwight Howard,C,27.0,LAL,76.0,76.0,35.8,6.2,10.7,0.578,0.0,0.1,0.16699999999999998,6.2,10.6,0.581,0.579,4.7,9.5,0.49200000000000005,3.3,9.1,12.4,1.4,1.1,2.4,3.0,3.8,17.1
199.0,Josh Howard,SF,32.0,MIN,11.0,4.0,18.8,2.8,7.0,0.40299999999999997,0.5,1.5,0.313,2.4,5.5,0.426,0.435,0.6,1.1,0.583,0.8,2.5,3.3,0.4,0.9,0.3,0.9,1.6,6.7
200.0,Juwan Howard,PF,39.0,MIA,7.0,2.0,7.3,1.4,2.7,0.526,0.0,0.0,0.0,1.4,2.7,0.526,0.526,0.1,0.1,1.0,0.0,1.1,1.1,0.9,0.0,0.0,0.6,1.3,3.0
0.0,Player,Pos,0.0,Tm,0.0,0.0,0.0,0.0,0.0,0.0,0.0,0.0,0.0,0.0,0.0,0.0,0.0,0.0,0.0,0.0,0.0,0.0,0.0,0.0,0.0,0.0,0.0,0.0,0.0
201.0,Kris Humphries,PF,27.0,BRK,65.0,21.0,18.3,2.1,4.8,0.44799999999999995,0.0,0.0,0.0,2.1,4.7,0.451,0.44799999999999995,1.5,1.9,0.789,1.9,3.7,5.6,0.5,0.2,0.5,0.9,2.0,5.8
202.0,Serge Ibaka,PF,23.0,OKC,80.0,80.0,31.1,5.6,9.7,0.573,0.3,0.7,0.35100000000000003,5.3,9.0,0.591,0.586,1.8,2.4,0.7490000000000001,2.8,4.9,7.7,0.5,0.4,3.0,1.6,2.7,13.2
203.0,Andre Iguodala,SG,29.0,DEN,80.0,80.0,34.7,5.0,11.0,0.451,1.1,3.6,0.317,3.8,7.4,0.515,0.502,1.9,3.4,0.574,1.0,4.3,5.3,5.4,1.7,0.7,2.6,1.6,13.0
204.0,Ersan Ilyasova,PF,25.0,MIL,73.0,54.0,27.6,5.1,11.0,0.462,1.3,2.9,0.444,3.8,8.1,0.469,0.521,1.7,2.2,0.7959999999999999,2.1,5.0,7.1,1.6,0.9,0.5,1.0,2.5,13.2
205.0,Kyrie Irving,PG,20.0,CLE,59.0,59.0,34.7,8.2,18.1,0.452,1.8,4.7,0.391,6.4,13.4,0.474,0.503,4.2,4.9,0.855,0.6,3.1,3.7,5.9,1.5,0.4,3.2,2.5,22.5
206.0,Royal Ivey,SG,31.0,PHI,53.0,5.0,13.2,1.2,2.7,0.431,0.7,1.7,0.42,0.5,1.1,0.446,0.5589999999999999,0.2,0.3,0.563,0.3,0.8,1.1,0.6,0.4,0.1,0.4,1.4,3.2
207.0,Jarrett Jack,SG,29.0,GSW,79.0,4.0,29.7,4.9,10.8,0.452,1.0,2.6,0.40399999999999997,3.9,8.3,0.466,0.499,2.1,2.5,0.843,0.3,2.8,3.1,5.6,0.8,0.1,2.0,1.7,12.9
208.0,Reggie Jackson,PG,22.0,OKC,70.0,0.0,14.2,2.1,4.6,0.45799999999999996,0.3,1.5,0.231,1.8,3.2,0.5660000000000001,0.495,0.7,0.9,0.8390000000000001,0.3,2.1,2.4,1.7,0.4,0.2,0.8,1.2,5.3
209.0,Stephen Jackson,SF,34.0,SAS,55.0,6.0,19.5,2.2,6.0,0.373,0.8,3.1,0.271,1.4,2.9,0.48100000000000004,0.442,0.9,1.3,0.7,0.4,2.4,2.8,1.5,0.7,0.3,1.4,1.6,6.2
210.0,Bernard James,C,27.0,DAL,46.0,11.0,9.9,1.2,2.2,0.515,0.0,0.0,0.0,1.2,2.2,0.525,0.515,0.5,0.9,0.61,1.1,1.7,2.8,0.1,0.3,0.8,0.4,1.4,2.8
211.0,Damion James,SF,25.0,BRK,2.0,0.0,0.0,0.0,0.0,0.0,0.0,0.0,0.0,0.0,0.0,0.0,0.0,0.0,0.0,0.0,0.0,0.5,0.5,0.0,0.0,0.0,0.0,0.0,0.0
212.0,LeBron James,PF,28.0,MIA,76.0,76.0,37.9,10.1,17.8,0.565,1.4,3.3,0.406,8.7,14.5,0.602,0.603,5.3,7.0,0.753,1.3,6.8,8.0,7.3,1.7,0.9,3.0,1.4,26.8
213.0,Mike James,PG,37.0,DAL,45.0,23.0,19.2,2.2,6.0,0.373,1.1,2.8,0.384,1.2,3.2,0.363,0.461,0.5,0.6,0.7929999999999999,0.2,1.4,1.6,3.1,0.6,0.1,1.2,2.1,6.1
214.0,Antawn Jamison,PF,36.0,LAL,76.0,6.0,21.5,3.5,7.6,0.46399999999999997,1.1,3.1,0.361,2.4,4.5,0.535,0.537,1.2,1.8,0.691,1.4,3.3,4.8,0.7,0.4,0.3,0.7,1.6,9.4
215.0,Al Jefferson,C,28.0,UTA,78.0,78.0,33.1,7.8,15.8,0.494,0.0,0.2,0.11800000000000001,7.8,15.6,0.5,0.495,2.1,2.8,0.77,2.0,7.2,9.2,2.1,1.0,1.1,1.3,2.2,17.8
216.0,Richard Jefferson,SF,32.0,GSW,56.0,1.0,10.1,1.1,2.4,0.456,0.3,0.8,0.311,0.9,1.6,0.527,0.507,0.7,0.9,0.7170000000000001,0.1,1.4,1.5,0.6,0.3,0.1,0.4,0.8,3.1
217.0,Jared Jeffries,PF,31.0,POR,38.0,0.0,9.2,0.4,1.4,0.29600000000000004,0.0,0.1,0.0,0.4,1.4,0.308,0.29600000000000004,0.3,0.6,0.522,0.7,0.9,1.6,0.4,0.2,0.2,0.4,1.5,1.2
218.0,Charles Jenkins,SG-PG,23.0,TOT,59.0,1.0,7.5,0.8,2.1,0.405,0.0,0.0,0.5,0.8,2.0,0.40299999999999997,0.409,0.2,0.4,0.545,0.1,0.4,0.5,0.7,0.3,0.0,0.4,0.4,1.9
218.0,Charles Jenkins,SG,23.0,GSW,47.0,0.0,6.2,0.7,1.8,0.42200000000000004,0.0,0.0,0.5,0.7,1.7,0.42,0.428,0.2,0.4,0.556,0.1,0.3,0.4,0.6,0.2,0.0,0.4,0.4,1.7
218.0,Charles Jenkins,PG,23.0,PHI,12.0,1.0,12.5,1.2,3.2,0.368,0.0,0.0,0.0,1.2,3.2,0.368,0.368,0.2,0.3,0.5,0.3,0.7,0.9,1.3,0.5,0.1,0.2,0.3,2.5
219.0,John Jenkins,SG,21.0,ATL,61.0,2.0,14.8,2.1,4.8,0.446,0.9,2.3,0.384,1.3,2.6,0.5,0.536,1.0,1.1,0.843,0.3,1.3,1.5,0.9,0.2,0.2,0.7,0.6,6.1
220.0,Brandon Jennings,PG,23.0,MIL,80.0,80.0,36.2,6.2,15.6,0.39899999999999997,2.2,5.8,0.375,4.1,9.8,0.41200000000000003,0.46799999999999997,2.9,3.5,0.8190000000000001,0.7,2.3,3.1,6.5,1.6,0.1,2.5,1.9,17.5
0.0,Player,Pos,0.0,Tm,0.0,0.0,0.0,0.0,0.0,0.0,0.0,0.0,0.0,0.0,0.0,0.0,0.0,0.0,0.0,0.0,0.0,0.0,0.0,0.0,0.0,0.0,0.0,0.0,0.0
221.0,Jonas Jerebko,PF,25.0,DET,49.0,2.0,18.2,2.9,6.4,0.449,0.5,1.7,0.301,2.4,4.8,0.502,0.489,1.4,1.8,0.773,1.4,2.4,3.8,0.9,0.8,0.2,0.9,1.8,7.7
222.0,Amir Johnson,PF,25.0,TOR,81.0,38.0,28.7,4.1,7.5,0.5539999999999999,0.1,0.2,0.385,4.1,7.3,0.5579999999999999,0.5589999999999999,1.7,2.3,0.727,2.8,4.7,7.5,1.5,1.0,1.4,1.4,3.7,10.0
223.0,Chris Johnson,C,27.0,MIN,30.0,0.0,9.5,1.6,2.5,0.64,0.0,0.0,0.0,1.6,2.5,0.64,0.64,0.7,1.1,0.618,0.7,1.3,2.0,0.3,0.2,0.9,0.4,1.6,3.9
224.0,Chris Johnson,SF,22.0,MEM,8.0,0.0,12.8,1.4,3.1,0.44,0.8,2.3,0.33299999999999996,0.6,0.9,0.7140000000000001,0.56,0.1,0.3,0.5,0.6,0.8,1.4,0.3,0.5,0.0,0.4,0.6,3.6
225.0,Ivan Johnson,PF,28.0,ATL,69.0,5.0,15.0,2.7,5.2,0.52,0.0,0.2,0.077,2.7,5.0,0.536,0.521,1.2,1.9,0.618,1.1,2.8,3.9,0.7,0.8,0.2,1.0,1.9,6.6
226.0,James Johnson,SF,25.0,SAC,54.0,11.0,16.3,2.2,5.2,0.413,0.0,0.4,0.095,2.1,4.9,0.439,0.41700000000000004,0.7,1.2,0.597,0.9,1.8,2.7,1.1,0.8,0.9,1.3,1.8,5.1
227.0,Joe Johnson,SG,31.0,BRK,72.0,72.0,36.7,6.2,14.6,0.423,2.1,5.5,0.375,4.1,9.1,0.452,0.493,1.8,2.2,0.82,0.7,2.3,3.0,3.5,0.7,0.2,1.7,1.4,16.3
228.0,Orlando Johnson,SG,23.0,IND,51.0,0.0,12.1,1.4,3.5,0.4,0.7,1.8,0.38299999999999995,0.7,1.7,0.419,0.5,0.5,0.6,0.7190000000000001,0.4,1.8,2.2,0.9,0.2,0.2,0.6,1.0,4.0
229.0,Wesley Johnson,SF,25.0,PHO,50.0,21.0,19.1,3.2,7.9,0.40700000000000003,1.0,3.1,0.32299999999999995,2.2,4.8,0.461,0.47,0.5,0.7,0.7709999999999999,0.4,2.0,2.5,0.7,0.4,0.4,1.0,1.1,8.0
230.0,Darius Johnson-Odom,SG,23.0,LAL,4.0,0.0,1.5,0.0,1.0,0.0,0.0,0.3,0.0,0.0,0.8,0.0,0.0,0.0,0.0,0.0,0.3,0.8,1.0,0.3,0.0,0.0,0.0,0.0,0.0
231.0,Dahntay Jones,SF,32.0,TOT,78.0,19.0,13.0,1.1,2.8,0.369,0.1,0.6,0.22399999999999998,0.9,2.2,0.41,0.39399999999999996,1.1,1.4,0.77,0.3,1.0,1.3,0.6,0.3,0.1,0.5,1.5,3.4
231.0,Dahntay Jones,SF,32.0,DAL,50.0,15.0,12.7,1.0,2.8,0.35700000000000004,0.2,0.7,0.21600000000000003,0.8,2.1,0.408,0.386,1.3,1.6,0.805,0.3,1.1,1.4,0.6,0.2,0.1,0.4,1.5,3.5
231.0,Dahntay Jones,SF,32.0,ATL,28.0,4.0,13.6,1.1,2.9,0.39,0.1,0.4,0.25,1.0,2.5,0.414,0.409,0.8,1.1,0.677,0.4,0.7,1.1,0.7,0.4,0.0,0.6,1.6,3.1
232.0,DeQuan Jones,SF,22.0,ORL,63.0,17.0,12.7,1.5,3.5,0.436,0.1,0.6,0.257,1.4,2.9,0.47,0.456,0.5,0.8,0.667,0.3,1.4,1.7,0.3,0.3,0.3,0.5,0.9,3.7
233.0,Dominique Jones,PG,24.0,DAL,29.0,3.0,11.7,1.4,3.8,0.36700000000000005,0.0,0.3,0.111,1.3,3.4,0.39,0.37200000000000005,1.2,1.8,0.66,0.6,0.9,1.6,2.9,0.5,0.1,1.3,1.0,4.0
234.0,James Jones,SF,32.0,MIA,38.0,0.0,5.8,0.6,1.6,0.344,0.4,1.4,0.302,0.1,0.2,0.625,0.475,0.1,0.1,0.5,0.0,0.6,0.6,0.3,0.1,0.2,0.1,0.4,1.6
235.0,Kevin Jones,PF,23.0,CLE,32.0,0.0,10.4,1.3,3.3,0.402,0.0,0.0,0.0,1.3,3.3,0.402,0.402,0.3,0.5,0.6,1.2,1.3,2.4,0.3,0.3,0.2,0.3,0.8,3.0
236.0,Perry Jones,SF,21.0,OKC,38.0,1.0,7.4,1.0,2.6,0.39399999999999996,0.0,0.1,0.0,1.0,2.6,0.402,0.39399999999999996,0.3,0.4,0.667,0.3,1.3,1.6,0.3,0.1,0.2,0.4,0.6,2.3
237.0,Solomon Jones,PF,28.0,NYK,2.0,1.0,13.0,0.0,0.5,0.0,0.0,0.0,0.0,0.0,0.5,0.0,0.0,0.0,0.0,0.0,0.5,1.0,1.5,0.0,0.0,0.5,1.5,1.5,0.0
238.0,Terrence Jones,PF,21.0,HOU,19.0,0.0,14.5,2.3,4.9,0.457,0.3,1.0,0.263,2.0,3.9,0.507,0.484,0.7,0.9,0.765,1.5,1.9,3.4,0.8,0.6,1.0,0.7,1.1,5.5
239.0,DeAndre Jordan,C,24.0,LAC,82.0,82.0,24.5,3.8,6.0,0.643,0.0,0.0,0.0,3.8,6.0,0.643,0.643,1.2,3.0,0.386,2.6,4.7,7.2,0.3,0.6,1.4,1.2,2.3,8.8
240.0,Cory Joseph,PG,21.0,SAS,28.0,9.0,13.9,1.8,3.9,0.46399999999999997,0.2,0.8,0.28600000000000003,1.6,3.2,0.506,0.491,0.6,0.8,0.857,0.4,1.4,1.9,1.9,0.5,0.1,0.8,0.9,4.5
0.0,Player,Pos,0.0,Tm,0.0,0.0,0.0,0.0,0.0,0.0,0.0,0.0,0.0,0.0,0.0,0.0,0.0,0.0,0.0,0.0,0.0,0.0,0.0,0.0,0.0,0.0,0.0,0.0,0.0
241.0,Kris Joseph,SF,24.0,TOT,10.0,0.0,5.4,0.2,1.4,0.14300000000000002,0.0,0.3,0.0,0.2,1.1,0.182,0.14300000000000002,0.5,0.8,0.625,0.1,0.6,0.7,0.1,0.3,0.0,0.2,0.3,0.9
241.0,Kris Joseph,SF,24.0,BOS,6.0,0.0,4.0,0.3,1.8,0.182,0.0,0.3,0.0,0.3,1.5,0.222,0.182,0.5,0.7,0.75,0.2,0.7,0.8,0.2,0.0,0.0,0.3,0.3,1.2
241.0,Kris Joseph,SF,24.0,BRK,4.0,0.0,7.5,0.0,0.8,0.0,0.0,0.3,0.0,0.0,0.5,0.0,0.0,0.5,1.0,0.5,0.0,0.5,0.5,0.0,0.8,0.0,0.0,0.3,0.5
242.0,Chris Kaman,C,30.0,DAL,66.0,52.0,20.7,4.7,9.3,0.507,0.0,0.0,0.0,4.7,9.3,0.508,0.507,1.0,1.3,0.7879999999999999,1.5,4.2,5.6,0.8,0.4,0.8,1.6,2.1,10.5
243.0,Enes Kanter,C,20.0,UTA,70.0,2.0,15.4,2.9,5.4,0.544,0.0,0.0,1.0,2.9,5.4,0.542,0.545,1.3,1.7,0.795,1.9,2.4,4.3,0.4,0.4,0.5,1.4,1.7,7.2
244.0,Jason Kidd,SG,39.0,NYK,76.0,48.0,26.9,2.0,5.4,0.37200000000000005,1.5,4.3,0.35100000000000003,0.5,1.1,0.452,0.511,0.5,0.6,0.833,0.7,3.6,4.3,3.3,1.6,0.3,1.0,1.6,6.0
245.0,Michael Kidd-Gilchrist,SF,19.0,CHA,78.0,77.0,26.0,3.6,7.9,0.45799999999999996,0.0,0.1,0.222,3.6,7.7,0.462,0.46,1.8,2.4,0.7490000000000001,1.7,4.2,5.8,1.5,0.7,0.9,1.3,2.1,9.0
246.0,Andrei Kirilenko,SF,31.0,MIN,64.0,64.0,31.8,4.4,8.8,0.507,0.5,1.9,0.292,3.9,6.9,0.5660000000000001,0.5379999999999999,2.9,3.9,0.752,1.6,4.1,5.7,2.8,1.5,1.0,1.9,1.3,12.4
247.0,Linas Kleiza,SF,28.0,TOR,20.0,3.0,18.8,2.4,7.2,0.33299999999999996,1.0,3.3,0.303,1.4,3.9,0.359,0.40299999999999997,1.6,1.9,0.8420000000000001,0.5,2.1,2.6,0.8,0.2,0.1,0.7,2.3,7.4
248.0,Brandon Knight,PG,21.0,DET,75.0,75.0,31.5,4.8,11.7,0.40700000000000003,1.6,4.4,0.36700000000000005,3.2,7.3,0.43,0.475,2.2,3.0,0.733,0.7,2.6,3.3,4.0,0.8,0.1,2.7,2.1,13.3
249.0,Kyle Korver,SF,31.0,ATL,74.0,60.0,30.5,3.7,8.1,0.461,2.6,5.6,0.457,1.2,2.5,0.47100000000000003,0.618,0.9,1.1,0.8590000000000001,0.3,3.6,4.0,2.0,0.9,0.5,0.9,2.3,10.9
250.0,Kosta Koufos,C,23.0,DEN,81.0,81.0,22.4,3.6,6.3,0.581,0.0,0.0,0.0,3.6,6.3,0.5820000000000001,0.581,0.7,1.3,0.5579999999999999,2.6,4.3,6.9,0.4,0.5,1.3,0.7,3.0,8.0
251.0,Viacheslav Kravtsov,C,25.0,DET,25.0,0.0,9.0,1.3,1.8,0.7170000000000001,0.0,0.0,0.0,1.3,1.8,0.7170000000000001,0.7170000000000001,0.4,1.5,0.297,1.0,0.8,1.8,0.4,0.2,0.4,0.6,1.3,3.1
252.0,Doron Lamb,SG,21.0,TOT,47.0,0.0,12.3,1.3,3.5,0.368,0.3,0.8,0.37799999999999995,1.0,2.7,0.365,0.41100000000000003,0.4,0.7,0.588,0.2,0.8,1.0,0.7,0.3,0.0,0.6,1.1,3.3
252.0,Doron Lamb,SG,21.0,MIL,23.0,0.0,12.2,1.4,4.1,0.34700000000000003,0.2,0.7,0.25,1.3,3.4,0.36700000000000005,0.368,0.3,0.7,0.5329999999999999,0.1,0.6,0.7,0.9,0.3,0.0,0.7,1.2,3.4
252.0,Doron Lamb,SG,21.0,ORL,24.0,0.0,12.4,1.1,2.8,0.397,0.4,0.9,0.47600000000000003,0.7,2.0,0.36200000000000004,0.47100000000000003,0.5,0.8,0.632,0.2,1.0,1.2,0.5,0.3,0.0,0.4,1.0,3.2
253.0,Jeremy Lamb,SF,20.0,OKC,23.0,0.0,6.4,1.0,3.0,0.353,0.4,1.3,0.3,0.7,1.7,0.395,0.419,0.6,0.6,1.0,0.2,0.6,0.8,0.2,0.1,0.1,0.3,0.6,3.1
254.0,Carl Landry,PF,29.0,GSW,81.0,2.0,23.2,4.0,7.4,0.54,0.0,0.0,0.33299999999999996,4.0,7.4,0.541,0.541,2.8,3.4,0.8170000000000001,2.2,3.7,6.0,0.8,0.4,0.4,1.4,2.3,10.8
255.0,Ty Lawson,PG,25.0,DEN,73.0,71.0,34.4,6.1,13.3,0.461,1.2,3.2,0.366,5.0,10.1,0.491,0.505,3.2,4.3,0.7559999999999999,0.5,2.2,2.7,6.9,1.5,0.1,2.5,1.8,16.7
256.0,Courtney Lee,SG,27.0,BOS,78.0,39.0,24.9,3.2,6.8,0.46399999999999997,0.7,2.0,0.37200000000000005,2.4,4.8,0.503,0.519,0.8,0.9,0.861,0.4,2.0,2.4,1.8,1.1,0.3,1.1,1.8,7.8
257.0,David Lee,PF,29.0,GSW,79.0,79.0,36.8,7.6,14.7,0.519,0.0,0.1,0.0,7.6,14.6,0.521,0.519,3.2,4.1,0.797,2.8,8.5,11.2,3.5,0.8,0.3,2.6,3.1,18.5
258.0,Malcolm Lee,SG,22.0,MIN,16.0,12.0,18.1,1.8,4.8,0.382,0.5,1.5,0.33299999999999996,1.3,3.3,0.40399999999999997,0.434,0.8,1.3,0.6,0.9,1.5,2.4,1.3,0.8,0.4,0.6,1.9,4.9
259.0,Kawhi Leonard,SF,21.0,SAS,58.0,57.0,31.2,4.5,9.1,0.494,1.1,3.0,0.374,3.4,6.1,0.5539999999999999,0.556,1.8,2.2,0.825,1.1,4.9,6.0,1.6,1.7,0.6,1.1,1.7,11.9
260.0,Meyers Leonard,C,20.0,POR,69.0,9.0,17.5,2.2,4.0,0.545,0.0,0.1,0.429,2.1,3.9,0.5479999999999999,0.551,1.0,1.3,0.809,1.2,2.5,3.7,0.5,0.2,0.6,0.7,2.4,5.5
0.0,Player,Pos,0.0,Tm,0.0,0.0,0.0,0.0,0.0,0.0,0.0,0.0,0.0,0.0,0.0,0.0,0.0,0.0,0.0,0.0,0.0,0.0,0.0,0.0,0.0,0.0,0.0,0.0,0.0
261.0,Jon Leuer,PF-C,23.0,TOT,28.0,0.0,6.7,0.9,1.9,0.48100000000000004,0.0,0.1,0.0,0.9,1.8,0.51,0.48100000000000004,0.2,0.5,0.462,0.5,0.9,1.3,0.3,0.2,0.0,0.3,0.8,2.0
261.0,Jon Leuer,C,23.0,CLE,9.0,0.0,10.1,1.1,3.1,0.35700000000000004,0.0,0.3,0.0,1.1,2.8,0.4,0.35700000000000004,0.2,0.7,0.33299999999999996,0.6,0.9,1.4,0.6,0.2,0.0,0.6,1.2,2.4
261.0,Jon Leuer,PF,23.0,MEM,19.0,0.0,5.1,0.8,1.3,0.625,0.0,0.0,0.0,0.8,1.3,0.625,0.625,0.2,0.4,0.5710000000000001,0.4,0.8,1.3,0.2,0.2,0.0,0.2,0.5,1.8
262.0,Rashard Lewis,PF,33.0,MIA,55.0,9.0,14.4,1.9,4.5,0.414,0.9,2.4,0.389,0.9,2.1,0.441,0.516,0.5,0.8,0.622,0.3,1.9,2.2,0.5,0.4,0.3,0.6,1.2,5.2
263.0,DeAndre Liggins,SG,24.0,OKC,39.0,1.0,7.4,0.5,1.2,0.447,0.2,0.5,0.368,0.4,0.7,0.5,0.521,0.2,0.5,0.5,0.3,1.0,1.4,0.4,0.5,0.1,0.4,0.8,1.5
264.0,Damian Lillard,PG,22.0,POR,82.0,82.0,38.6,6.7,15.7,0.429,2.3,6.1,0.368,4.5,9.6,0.469,0.501,3.3,3.9,0.8440000000000001,0.5,2.6,3.1,6.5,0.9,0.2,3.0,2.1,19.0
265.0,Jeremy Lin,PG,24.0,HOU,82.0,82.0,32.2,4.8,10.9,0.441,1.1,3.1,0.33899999999999997,3.8,7.8,0.483,0.49,2.6,3.4,0.785,0.4,2.6,3.0,6.1,1.6,0.4,2.9,2.5,13.4
266.0,Shaun Livingston,PG,27.0,TOT,66.0,16.0,22.0,2.5,5.2,0.48,0.0,0.1,0.0,2.5,5.2,0.485,0.48,1.3,1.5,0.867,0.5,1.9,2.4,3.3,0.7,0.5,1.2,1.9,6.3
266.0,Shaun Livingston,PG,27.0,WAS,17.0,4.0,18.8,1.4,3.9,0.364,0.0,0.2,0.0,1.4,3.7,0.381,0.364,0.9,0.9,1.0,0.1,2.1,2.2,2.2,0.6,0.1,1.0,1.3,3.7
266.0,Shaun Livingston,PG,27.0,CLE,49.0,12.0,23.2,2.9,5.7,0.507,0.0,0.0,0.0,2.9,5.7,0.509,0.507,1.4,1.7,0.843,0.6,1.9,2.5,3.6,0.8,0.6,1.2,2.1,7.2
267.0,Brook Lopez,C,24.0,BRK,74.0,74.0,30.4,7.7,14.8,0.521,0.0,0.0,0.0,7.7,14.8,0.522,0.521,4.0,5.3,0.758,2.8,4.1,6.9,0.9,0.4,2.1,1.8,2.1,19.4
268.0,Robin Lopez,C,24.0,NOH,82.0,82.0,26.0,4.7,8.8,0.534,0.0,0.0,0.0,4.7,8.8,0.534,0.534,2.0,2.5,0.778,2.8,2.9,5.6,0.8,0.4,1.6,1.3,2.0,11.3
269.0,Kevin Love,PF,24.0,MIN,18.0,18.0,34.3,5.8,16.6,0.35200000000000004,1.1,5.1,0.217,4.7,11.4,0.413,0.386,5.6,7.9,0.7040000000000001,3.6,10.4,14.0,2.3,0.7,0.5,2.2,1.9,18.3
270.0,Kyle Lowry,PG,26.0,TOR,68.0,52.0,29.7,3.7,9.2,0.401,1.5,4.1,0.36200000000000004,2.2,5.1,0.433,0.48200000000000004,2.8,3.5,0.795,0.8,3.9,4.7,6.4,1.4,0.4,2.3,3.2,11.6
271.0,John Lucas III,PG,30.0,TOR,63.0,0.0,13.1,2.0,5.3,0.386,0.9,2.4,0.377,1.1,2.9,0.39299999999999996,0.47200000000000003,0.3,0.4,0.72,0.1,0.9,1.0,1.7,0.4,0.0,0.4,0.8,5.3
272.0,Scott Machado,PG,22.0,HOU,6.0,0.0,3.5,0.5,1.0,0.5,0.0,0.2,0.0,0.5,0.8,0.6,0.5,0.3,0.3,1.0,0.0,0.2,0.2,1.0,0.3,0.0,1.3,0.0,1.3
273.0,Shelvin Mack,PG-SG,22.0,TOT,31.0,3.0,13.4,1.9,4.1,0.46,0.6,1.6,0.36700000000000005,1.3,2.5,0.519,0.532,0.3,0.5,0.563,0.1,1.2,1.3,2.2,0.5,0.0,1.1,1.3,4.6
273.0,Shelvin Mack,PG,22.0,WAS,7.0,2.0,20.1,2.3,5.7,0.4,0.6,1.9,0.308,1.7,3.9,0.444,0.45,0.1,0.3,0.5,0.4,1.9,2.3,3.3,0.9,0.0,1.1,1.4,5.3
273.0,Shelvin Mack,SG,22.0,PHI,4.0,0.0,1.8,0.3,0.5,0.5,0.0,0.3,0.0,0.3,0.3,1.0,0.5,0.0,0.0,0.0,0.0,0.0,0.0,0.3,0.0,0.0,0.5,0.3,0.5
273.0,Shelvin Mack,PG,22.0,ATL,20.0,1.0,13.4,2.1,4.2,0.488,0.7,1.8,0.4,1.4,2.5,0.551,0.5710000000000001,0.4,0.7,0.5710000000000001,0.0,1.2,1.2,2.2,0.5,0.0,1.2,1.4,5.2
274.0,Corey Maggette,SF,33.0,DET,18.0,0.0,14.3,1.5,4.2,0.355,0.3,1.2,0.23800000000000002,1.2,3.1,0.4,0.38799999999999996,2.0,2.7,0.75,0.3,1.1,1.4,1.1,0.3,0.1,0.9,2.3,5.3
275.0,Ian Mahinmi,C,26.0,IND,80.0,2.0,16.5,1.9,4.1,0.45299999999999996,0.0,0.0,0.0,1.9,4.1,0.456,0.45299999999999996,1.3,2.1,0.608,1.4,2.5,3.9,0.3,0.5,0.8,1.2,2.5,5.0
276.0,Shawn Marion,PF,34.0,DAL,67.0,67.0,30.0,5.3,10.3,0.514,0.3,1.1,0.315,5.0,9.2,0.5379999999999999,0.531,1.2,1.5,0.782,2.2,5.7,7.8,2.4,1.1,0.7,1.5,1.7,12.1
277.0,Kendall Marshall,PG,21.0,PHO,48.0,3.0,14.6,1.2,3.1,0.371,0.5,1.5,0.315,0.7,1.6,0.423,0.447,0.2,0.3,0.5710000000000001,0.1,0.8,0.9,3.0,0.5,0.1,1.2,1.0,3.0
278.0,Cartier Martin,SF,28.0,WAS,41.0,3.0,16.9,2.3,6.1,0.381,1.4,3.6,0.397,0.9,2.6,0.358,0.496,0.5,0.7,0.7140000000000001,0.3,2.2,2.4,0.5,0.5,0.1,0.8,1.4,6.6
279.0,Kenyon Martin,C,35.0,NYK,18.0,11.0,23.9,3.1,5.2,0.602,0.0,0.0,0.0,3.1,5.2,0.602,0.602,0.9,2.2,0.425,1.9,3.4,5.3,0.4,0.9,0.9,0.9,3.6,7.2
280.0,Kevin Martin,SG,29.0,OKC,77.0,0.0,27.7,4.5,10.1,0.45,2.1,4.8,0.426,2.5,5.3,0.47200000000000003,0.551,2.8,3.2,0.89,0.4,1.9,2.3,1.4,0.9,0.1,1.3,1.8,14.0
0.0,Player,Pos,0.0,Tm,0.0,0.0,0.0,0.0,0.0,0.0,0.0,0.0,0.0,0.0,0.0,0.0,0.0,0.0,0.0,0.0,0.0,0.0,0.0,0.0,0.0,0.0,0.0,0.0,0.0
281.0,Roger Mason,SG,32.0,NOH,69.0,13.0,17.7,1.9,4.4,0.433,1.0,2.3,0.415,1.0,2.1,0.452,0.541,0.6,0.6,0.907,0.2,1.8,1.9,1.1,0.4,0.2,0.7,1.5,5.3
282.0,Wesley Matthews,SG,26.0,POR,69.0,69.0,34.8,5.1,11.7,0.436,2.4,6.2,0.39799999999999996,2.7,5.6,0.478,0.54,2.2,2.7,0.797,0.5,2.3,2.8,2.5,1.3,0.3,1.6,2.5,14.8
283.0,Jason Maxiell,PF,29.0,DET,72.0,71.0,24.8,2.8,6.3,0.446,0.0,0.0,0.0,2.8,6.3,0.446,0.446,1.3,2.0,0.621,1.9,3.8,5.7,0.8,0.4,1.3,1.1,2.4,6.9
284.0,Eric Maynor,PG-SG,25.0,TOT,64.0,0.0,15.0,1.7,4.4,0.377,0.5,1.5,0.354,1.1,2.9,0.389,0.43799999999999994,0.7,1.0,0.726,0.1,0.6,0.7,2.8,0.3,0.0,1.2,0.9,4.5
284.0,Eric Maynor,PG,25.0,OKC,37.0,0.0,10.6,1.0,3.1,0.313,0.4,1.2,0.326,0.6,1.9,0.304,0.37799999999999995,0.5,0.6,0.81,0.1,0.4,0.5,2.0,0.3,0.0,0.8,0.5,2.8
284.0,Eric Maynor,SG,25.0,POR,27.0,0.0,21.2,2.6,6.1,0.42200000000000004,0.7,1.9,0.38,1.9,4.3,0.44,0.479,1.0,1.5,0.6829999999999999,0.1,0.9,1.0,4.0,0.4,0.0,1.8,1.3,6.9
285.0,O.J. Mayo,SG,25.0,DAL,82.0,82.0,35.5,5.6,12.5,0.449,1.7,4.3,0.40700000000000003,3.9,8.3,0.47100000000000003,0.519,2.3,2.8,0.82,0.4,3.1,3.5,4.4,1.1,0.3,2.6,2.4,15.3
286.0,Luc Mbah a Moute,SF,26.0,MIL,58.0,45.0,22.9,2.6,6.5,0.401,0.2,0.6,0.35100000000000003,2.4,5.9,0.406,0.418,1.2,2.2,0.5710000000000001,1.5,2.9,4.4,0.9,0.7,0.2,1.2,1.4,6.7
287.0,JaVale McGee,C,25.0,DEN,79.0,0.0,18.1,3.8,6.7,0.575,0.0,0.0,1.0,3.8,6.7,0.574,0.5760000000000001,1.4,2.4,0.591,2.0,2.8,4.8,0.3,0.4,2.0,1.1,2.3,9.1
288.0,Dominic McGuire,SF,27.0,TOT,26.0,10.0,14.9,0.9,2.2,0.429,0.0,0.0,0.0,0.9,2.2,0.429,0.429,0.1,0.4,0.3,0.7,2.3,3.0,0.8,0.5,0.4,0.5,1.5,2.0
288.0,Dominic McGuire,SF,27.0,TOR,15.0,9.0,15.3,1.0,2.1,0.469,0.0,0.0,0.0,1.0,2.1,0.469,0.469,0.1,0.4,0.33299999999999996,0.7,2.5,3.2,0.7,0.3,0.5,0.5,1.7,2.1
288.0,Dominic McGuire,SF,27.0,NOH,9.0,0.0,16.1,1.0,2.3,0.429,0.0,0.0,0.0,1.0,2.3,0.429,0.429,0.1,0.2,0.5,0.8,2.3,3.1,1.0,0.9,0.3,0.6,1.4,2.1
288.0,Dominic McGuire,SF,27.0,IND,2.0,1.0,6.0,0.0,1.5,0.0,0.0,0.0,0.0,0.0,1.5,0.0,0.0,0.0,1.0,0.0,0.5,0.5,1.0,0.5,0.0,0.0,0.0,0.0,0.0
289.0,Josh McRoberts,PF,25.0,TOT,67.0,22.0,22.2,2.3,5.1,0.455,0.4,1.3,0.28600000000000003,2.0,3.9,0.51,0.49,1.0,1.3,0.765,1.4,3.5,4.9,2.1,0.5,0.4,1.0,2.0,6.0
289.0,Josh McRoberts,PF,25.0,ORL,41.0,3.0,16.7,1.5,3.7,0.392,0.4,1.3,0.309,1.0,2.4,0.439,0.44799999999999995,0.5,0.7,0.733,1.0,2.3,3.3,1.7,0.2,0.3,0.7,1.6,3.9
289.0,Josh McRoberts,PF,25.0,CHA,26.0,19.0,30.8,3.7,7.3,0.505,0.3,1.1,0.24100000000000002,3.4,6.2,0.5529999999999999,0.524,1.7,2.1,0.782,2.0,5.2,7.2,2.7,0.8,0.6,1.5,2.5,9.3
290.0,Jodie Meeks,SG,25.0,LAL,78.0,10.0,21.3,2.6,6.8,0.387,1.6,4.4,0.35700000000000004,1.1,2.4,0.441,0.502,1.1,1.2,0.8959999999999999,0.5,1.7,2.2,0.9,0.7,0.1,0.7,1.3,7.9
291.0,Fab Melo,C,22.0,BOS,6.0,0.0,6.0,0.5,1.0,0.5,0.0,0.0,0.0,0.5,1.0,0.5,0.5,0.2,0.7,0.25,0.0,0.5,0.5,0.0,0.3,0.3,0.2,1.2,1.2
292.0,Khris Middleton,SG,21.0,DET,27.0,0.0,17.6,2.3,5.2,0.44,0.5,1.7,0.311,1.8,3.6,0.5,0.489,1.0,1.2,0.8440000000000001,0.1,1.7,1.9,1.0,0.6,0.1,0.4,2.0,6.1
293.0,C.J. Miles,SF,25.0,CLE,65.0,13.0,21.0,3.9,9.4,0.415,1.9,5.0,0.384,2.0,4.4,0.451,0.518,1.4,1.6,0.8690000000000001,0.4,2.3,2.7,1.0,0.8,0.3,1.1,2.1,11.2
294.0,Darko Milicic,C,27.0,BOS,1.0,0.0,5.0,0.0,1.0,0.0,0.0,0.0,0.0,0.0,1.0,0.0,0.0,0.0,0.0,0.0,0.0,1.0,1.0,0.0,0.0,0.0,2.0,1.0,0.0
295.0,Andre Miller,PG,36.0,DEN,82.0,11.0,26.2,3.7,7.7,0.479,0.2,0.8,0.266,3.5,6.9,0.504,0.493,2.0,2.4,0.84,0.7,2.2,2.9,5.9,0.9,0.1,2.1,1.9,9.6
296.0,Darius Miller,SF,22.0,NOH,52.0,2.0,13.3,0.8,2.1,0.40700000000000003,0.4,1.1,0.39299999999999996,0.4,1.0,0.423,0.509,0.2,0.2,1.0,0.2,1.3,1.5,0.8,0.3,0.2,0.4,1.7,2.3
297.0,Mike Miller,SF,32.0,MIA,59.0,17.0,15.3,1.7,3.9,0.433,1.2,3.0,0.41700000000000004,0.5,0.9,0.48200000000000004,0.591,0.1,0.2,0.727,0.3,2.4,2.7,1.7,0.4,0.1,0.6,1.1,4.8
298.0,Quincy Miller,PF,20.0,DEN,7.0,0.0,3.7,0.6,1.7,0.33299999999999996,0.0,0.1,0.0,0.6,1.6,0.364,0.33299999999999996,0.1,0.3,0.5,0.1,0.1,0.3,0.4,0.1,0.0,0.1,0.4,1.3
299.0,Patty Mills,PG,24.0,SAS,58.0,2.0,11.3,1.9,4.2,0.469,0.9,2.2,0.4,1.1,1.9,0.55,0.5770000000000001,0.3,0.3,0.8420000000000001,0.2,0.7,0.9,1.1,0.4,0.1,0.7,0.9,5.1
300.0,Paul Millsap,PF,27.0,UTA,78.0,78.0,30.4,5.5,11.2,0.49,0.2,0.5,0.33299999999999996,5.3,10.7,0.498,0.498,3.4,4.6,0.742,2.3,4.8,7.1,2.6,1.3,1.0,1.8,3.0,14.6
0.0,Player,Pos,0.0,Tm,0.0,0.0,0.0,0.0,0.0,0.0,0.0,0.0,0.0,0.0,0.0,0.0,0.0,0.0,0.0,0.0,0.0,0.0,0.0,0.0,0.0,0.0,0.0,0.0,0.0
301.0,Nazr Mohammed,C,35.0,CHI,63.0,12.0,11.0,1.0,2.9,0.36700000000000005,0.0,0.0,0.0,1.0,2.8,0.371,0.36700000000000005,0.5,0.7,0.723,1.2,1.9,3.1,0.4,0.3,0.5,0.4,1.5,2.6
302.0,Greg Monroe,C,22.0,DET,81.0,81.0,33.2,6.3,13.1,0.486,0.0,0.0,0.0,6.3,13.0,0.488,0.486,3.3,4.8,0.6890000000000001,2.9,6.7,9.6,3.5,1.3,0.7,2.9,2.3,16.0
303.0,E'Twaun Moore,SG,23.0,ORL,75.0,21.0,22.4,3.2,8.0,0.396,0.9,2.6,0.34,2.3,5.3,0.424,0.452,0.6,0.8,0.797,0.6,1.6,2.2,2.7,0.7,0.3,1.4,1.6,7.8
304.0,Darius Morris,PG,22.0,LAL,48.0,17.0,14.2,1.5,3.9,0.38799999999999996,0.5,1.4,0.364,1.0,2.5,0.402,0.452,0.5,0.8,0.649,0.5,0.7,1.2,1.6,0.4,0.0,0.9,1.2,4.0
305.0,Marcus Morris,PF-SF,23.0,TOT,77.0,23.0,19.8,2.9,6.8,0.42200000000000004,1.1,3.0,0.369,1.8,3.8,0.46399999999999997,0.504,0.9,1.5,0.564,1.0,2.6,3.6,0.8,0.6,0.3,1.0,2.1,7.7
305.0,Marcus Morris,PF,23.0,HOU,54.0,17.0,21.4,3.2,7.4,0.428,1.4,3.6,0.381,1.8,3.8,0.47100000000000003,0.52,0.9,1.4,0.653,1.2,2.9,4.1,0.9,0.5,0.3,1.0,2.2,8.6
305.0,Marcus Morris,SF,23.0,PHO,23.0,6.0,16.1,2.2,5.5,0.405,0.5,1.7,0.308,1.7,3.8,0.44799999999999995,0.452,0.7,1.8,0.405,0.7,1.8,2.5,0.7,0.8,0.2,1.0,1.7,5.7
306.0,Markieff Morris,PF,23.0,PHO,82.0,32.0,22.4,3.2,8.0,0.40700000000000003,0.5,1.6,0.336,2.7,6.3,0.426,0.442,1.1,1.5,0.732,1.6,3.2,4.8,1.3,0.9,0.8,1.3,2.5,8.2
307.0,Anthony Morrow,SG,27.0,TOT,41.0,1.0,9.3,1.6,3.5,0.441,0.4,1.0,0.37200000000000005,1.2,2.5,0.47100000000000003,0.49700000000000005,0.5,0.5,0.909,0.3,0.5,0.7,0.3,0.3,0.0,0.2,1.0,4.0
307.0,Anthony Morrow,SG,27.0,ATL,24.0,1.0,12.5,2.0,4.6,0.423,0.6,1.6,0.395,1.3,3.0,0.43799999999999994,0.491,0.7,0.8,0.889,0.4,0.7,1.1,0.4,0.5,0.0,0.2,1.4,5.2
307.0,Anthony Morrow,SG,27.0,DAL,17.0,0.0,4.8,1.0,2.0,0.5,0.1,0.3,0.2,0.9,1.7,0.552,0.515,0.2,0.2,1.0,0.1,0.2,0.2,0.2,0.1,0.0,0.2,0.6,2.3
308.0,Donatas Motiejunas,PF,22.0,HOU,44.0,14.0,12.2,2.2,4.8,0.455,0.5,1.9,0.289,1.7,3.0,0.562,0.512,0.7,1.2,0.627,0.8,1.3,2.1,0.7,0.2,0.2,0.8,1.7,5.7
309.0,Arnett Moultrie,PF,22.0,PHI,47.0,0.0,11.5,1.7,2.9,0.5820000000000001,0.0,0.0,0.0,1.7,2.9,0.5820000000000001,0.5820000000000001,0.4,0.6,0.643,1.6,1.5,3.1,0.2,0.4,0.2,0.4,0.9,3.7
310.0,Timofey Mozgov,C,26.0,DEN,41.0,1.0,8.9,1.1,2.1,0.506,0.0,0.0,0.0,1.1,2.1,0.518,0.506,0.5,0.6,0.769,1.2,1.4,2.6,0.2,0.1,0.4,0.6,1.4,2.6
311.0,Byron Mullens,PF,23.0,CHA,53.0,41.0,26.9,4.1,10.6,0.385,1.2,3.9,0.317,2.8,6.7,0.425,0.444,1.2,1.9,0.6459999999999999,1.3,5.0,6.4,1.5,0.6,0.6,1.4,2.1,10.6
312.0,Kevin Murphy,SG,22.0,UTA,17.0,0.0,3.1,0.4,1.6,0.25,0.1,0.3,0.2,0.4,1.4,0.261,0.268,0.0,0.0,0.0,0.0,0.2,0.2,0.1,0.1,0.0,0.2,0.2,0.9
313.0,Troy Murphy,PF,32.0,DAL,14.0,1.0,18.3,1.6,4.4,0.361,0.8,2.5,0.314,0.8,1.9,0.423,0.451,0.7,0.8,0.909,0.5,3.0,3.5,0.5,0.7,0.4,0.5,2.1,4.6
314.0,Steve Nash,PG,38.0,LAL,50.0,50.0,32.5,4.7,9.5,0.49700000000000005,1.1,2.6,0.43799999999999994,3.6,6.9,0.519,0.557,2.1,2.3,0.922,0.5,2.3,2.8,6.7,0.6,0.1,2.5,1.4,12.7
315.0,Gary Neal,SG,28.0,SAS,68.0,17.0,21.8,3.6,8.8,0.41200000000000003,1.3,3.7,0.355,2.3,5.1,0.45399999999999996,0.48700000000000004,0.9,1.1,0.865,0.2,1.9,2.1,1.9,0.4,0.0,1.0,1.4,9.5
316.0,Jameer Nelson,PG,30.0,ORL,56.0,56.0,35.3,5.5,13.9,0.392,2.2,6.3,0.341,3.3,7.6,0.435,0.47,1.6,1.8,0.873,0.4,3.3,3.7,7.4,1.3,0.1,2.8,2.9,14.7
317.0,Andrew Nicholson,PF,23.0,ORL,75.0,28.0,16.7,3.4,6.5,0.527,0.0,0.0,0.0,3.4,6.5,0.527,0.527,1.0,1.3,0.7979999999999999,0.9,2.5,3.4,0.6,0.3,0.4,1.1,1.8,7.8
318.0,Joakim Noah,C,27.0,CHI,66.0,64.0,36.8,4.6,9.5,0.48100000000000004,0.0,0.1,0.0,4.6,9.5,0.485,0.48100000000000004,2.7,3.6,0.7509999999999999,3.9,7.2,11.1,4.0,1.2,2.1,2.7,2.8,11.9
319.0,Steve Novak,SF,29.0,NYK,81.0,1.0,20.3,2.2,5.3,0.414,1.8,4.3,0.425,0.4,1.0,0.36700000000000005,0.5870000000000001,0.4,0.4,0.909,0.2,1.7,1.9,0.4,0.3,0.1,0.1,1.2,6.6
320.0,Dirk Nowitzki,PF,34.0,DAL,53.0,47.0,31.3,6.5,13.7,0.47100000000000003,1.2,3.0,0.414,5.2,10.8,0.48700000000000004,0.516,3.1,3.6,0.86,0.7,6.2,6.8,2.5,0.7,0.7,1.3,1.8,17.3
0.0,Player,Pos,0.0,Tm,0.0,0.0,0.0,0.0,0.0,0.0,0.0,0.0,0.0,0.0,0.0,0.0,0.0,0.0,0.0,0.0,0.0,0.0,0.0,0.0,0.0,0.0,0.0,0.0,0.0
321.0,Jermaine O'Neal,C,34.0,PHO,55.0,4.0,18.7,3.3,6.7,0.48200000000000004,0.0,0.0,0.0,3.3,6.7,0.48200000000000004,0.48200000000000004,1.7,2.1,0.835,1.5,3.8,5.3,0.8,0.3,1.4,1.3,2.3,8.3
322.0,Kyle O'Quinn,C,22.0,ORL,57.0,5.0,11.2,1.8,3.5,0.513,0.0,0.0,0.0,1.8,3.4,0.515,0.513,0.5,0.8,0.667,1.1,2.5,3.7,0.9,0.2,0.5,0.6,1.9,4.1
323.0,Lamar Odom,PF,33.0,LAC,82.0,2.0,19.7,1.8,4.5,0.39899999999999997,0.2,1.1,0.2,1.6,3.4,0.46399999999999997,0.423,0.2,0.5,0.47600000000000003,1.4,4.4,5.9,1.7,0.8,0.7,1.0,2.6,4.0
324.0,Tim Ohlbrecht,C,24.0,HOU,3.0,0.0,4.0,0.3,1.0,0.33299999999999996,0.0,0.0,0.0,0.3,1.0,0.33299999999999996,0.33299999999999996,0.3,0.3,1.0,0.0,0.3,0.3,0.3,0.3,0.0,1.3,0.3,1.0
325.0,Emeka Okafor,C,30.0,WAS,79.0,77.0,26.0,4.2,8.7,0.47700000000000004,0.0,0.0,0.0,4.2,8.7,0.47700000000000004,0.47700000000000004,1.4,2.4,0.5710000000000001,2.5,6.2,8.8,1.2,0.6,1.0,1.4,1.8,9.7
326.0,Daniel Orton,C,22.0,OKC,13.0,0.0,8.0,0.9,2.0,0.462,0.0,0.0,0.0,0.9,2.0,0.462,0.462,0.7,1.3,0.529,1.0,1.0,2.0,0.3,0.3,0.2,0.3,1.0,2.5
327.0,Travis Outlaw,SF,28.0,SAC,38.0,2.0,11.7,1.9,4.7,0.418,0.4,1.3,0.28,1.6,3.3,0.47200000000000003,0.45799999999999996,1.0,1.4,0.731,0.4,1.2,1.6,0.6,0.3,0.2,0.5,0.9,5.3
328.0,Zaza Pachulia,C,28.0,ATL,52.0,15.0,21.8,2.2,4.6,0.473,0.0,0.1,0.0,2.2,4.6,0.479,0.473,1.5,2.0,0.757,2.5,3.9,6.5,1.5,0.7,0.2,1.3,2.5,5.9
329.0,Jannero Pargo,PG,33.0,TOT,32.0,0.0,15.8,2.4,6.6,0.368,1.2,3.6,0.336,1.2,3.0,0.406,0.46,0.4,0.4,0.9229999999999999,0.3,0.8,1.1,2.1,0.6,0.1,1.3,1.3,6.5
329.0,Jannero Pargo,PG,33.0,WAS,7.0,0.0,14.6,1.1,4.6,0.25,0.4,2.9,0.15,0.7,1.7,0.41700000000000004,0.297,0.3,0.3,1.0,0.0,0.9,0.9,2.0,0.0,0.1,1.1,1.1,3.0
329.0,Jannero Pargo,PG,33.0,ATL,7.0,0.0,16.1,1.9,5.4,0.342,1.0,2.9,0.35,0.9,2.6,0.33299999999999996,0.434,0.3,0.3,1.0,0.1,0.9,1.0,2.7,0.4,0.0,0.7,1.1,5.0
329.0,Jannero Pargo,PG,33.0,CHA,18.0,0.0,16.2,3.2,7.9,0.401,1.6,4.2,0.382,1.6,3.7,0.424,0.504,0.4,0.5,0.889,0.5,0.7,1.2,1.9,0.8,0.1,1.6,1.4,8.4
330.0,Jeremy Pargo,PG-SG,26.0,TOT,39.0,11.0,16.8,2.5,6.4,0.396,0.6,1.9,0.33799999999999997,1.9,4.5,0.42,0.446,1.1,1.6,0.677,0.2,1.1,1.3,2.4,0.3,0.1,1.3,1.2,6.8
330.0,Jeremy Pargo,PG,26.0,CLE,25.0,11.0,17.9,3.0,7.5,0.401,0.7,2.3,0.316,2.3,5.2,0.43799999999999994,0.449,1.1,1.6,0.6829999999999999,0.3,1.0,1.3,2.6,0.5,0.1,1.5,1.3,7.8
330.0,Jeremy Pargo,SG,26.0,PHI,14.0,0.0,14.9,1.7,4.5,0.381,0.5,1.2,0.41200000000000003,1.2,3.3,0.37,0.43700000000000006,1.0,1.5,0.667,0.1,1.1,1.2,2.0,0.1,0.0,0.9,1.0,4.9
331.0,Tony Parker,PG,30.0,SAS,66.0,66.0,32.9,7.9,15.1,0.522,0.4,1.0,0.353,7.5,14.0,0.534,0.534,4.2,5.0,0.845,0.3,2.7,3.0,7.6,0.8,0.1,2.6,1.4,20.3
332.0,Chandler Parsons,SF,24.0,HOU,76.0,76.0,36.3,6.0,12.4,0.486,2.0,5.2,0.385,4.0,7.2,0.5589999999999999,0.5670000000000001,1.5,2.0,0.7290000000000001,1.0,4.3,5.3,3.5,1.0,0.4,1.9,1.9,15.5
333.0,Patrick Patterson,PF,23.0,TOT,71.0,41.0,25.0,4.5,8.8,0.512,0.7,1.9,0.386,3.8,6.9,0.546,0.5529999999999999,0.7,0.9,0.762,1.6,3.2,4.7,1.1,0.4,0.6,0.9,1.9,10.4
333.0,Patrick Patterson,PF,23.0,HOU,47.0,38.0,25.9,5.0,9.7,0.519,0.7,2.0,0.365,4.3,7.6,0.56,0.557,0.8,1.0,0.755,1.6,3.1,4.7,1.1,0.4,0.6,0.9,1.9,11.6
333.0,Patrick Patterson,PF,23.0,SAC,24.0,3.0,23.2,3.5,7.0,0.494,0.7,1.5,0.444,2.8,5.5,0.508,0.542,0.5,0.6,0.7859999999999999,1.7,3.2,4.8,1.3,0.5,0.5,0.8,2.0,8.0
334.0,Chris Paul,PG,27.0,LAC,70.0,70.0,33.4,5.9,12.2,0.48100000000000004,1.1,3.3,0.32799999999999996,4.8,8.9,0.5379999999999999,0.526,4.1,4.6,0.885,0.8,3.0,3.7,9.7,2.4,0.1,2.3,2.0,16.9
335.0,Sasha Pavlovic,SG,29.0,POR,39.0,1.0,13.5,1.1,3.1,0.353,0.5,1.5,0.3,0.6,1.5,0.40700000000000003,0.429,0.0,0.2,0.16699999999999998,0.2,1.3,1.4,0.8,0.6,0.1,0.4,1.5,2.6
336.0,Nikola Pekovic,C,27.0,MIN,62.0,62.0,31.6,6.2,12.0,0.52,0.0,0.0,0.0,6.2,12.0,0.52,0.52,3.9,5.2,0.7440000000000001,3.7,5.1,8.8,0.9,0.7,0.8,1.6,2.3,16.3
337.0,Kendrick Perkins,C,28.0,OKC,78.0,78.0,25.1,1.8,4.0,0.457,0.0,0.0,0.0,1.8,4.0,0.45799999999999996,0.457,0.6,0.9,0.611,1.4,4.6,6.0,1.4,0.6,1.1,1.4,2.9,4.2
338.0,Johan Petro,C,27.0,ATL,31.0,8.0,11.4,1.5,3.5,0.436,0.0,0.1,0.25,1.5,3.4,0.44299999999999995,0.441,0.4,0.4,0.917,1.1,2.5,3.6,0.5,0.3,0.3,0.8,1.5,3.5
339.0,Paul Pierce,SF,35.0,BOS,77.0,77.0,33.4,6.2,14.2,0.436,1.9,5.0,0.38,4.3,9.2,0.466,0.502,4.3,5.5,0.787,0.6,5.7,6.3,4.8,1.1,0.4,2.8,2.7,18.6
340.0,Mickael Pietrus,SF,30.0,TOR,19.0,16.0,20.3,1.8,5.2,0.34700000000000003,1.1,3.4,0.313,0.7,1.8,0.41200000000000003,0.449,0.6,0.9,0.667,0.3,1.6,1.9,0.5,0.6,0.3,0.8,1.7,5.3
0.0,Player,Pos,0.0,Tm,0.0,0.0,0.0,0.0,0.0,0.0,0.0,0.0,0.0,0.0,0.0,0.0,0.0,0.0,0.0,0.0,0.0,0.0,0.0,0.0,0.0,0.0,0.0,0.0,0.0
341.0,Dexter Pittman,C,24.0,TOT,11.0,0.0,2.9,0.4,1.0,0.364,0.0,0.0,0.0,0.4,1.0,0.364,0.364,0.0,0.3,0.0,0.6,0.5,1.1,0.0,0.0,0.0,0.3,0.7,0.7
341.0,Dexter Pittman,C,24.0,MIA,4.0,0.0,3.0,0.8,1.3,0.6,0.0,0.0,0.0,0.8,1.3,0.6,0.6,0.0,0.0,0.0,1.0,0.8,1.8,0.0,0.0,0.0,0.5,1.0,1.5
341.0,Dexter Pittman,C,24.0,MEM,7.0,0.0,2.9,0.1,0.9,0.16699999999999998,0.0,0.0,0.0,0.1,0.9,0.16699999999999998,0.16699999999999998,0.0,0.4,0.0,0.4,0.3,0.7,0.0,0.0,0.0,0.1,0.6,0.3
342.0,Miles Plumlee,C,24.0,IND,14.0,0.0,3.9,0.4,1.5,0.23800000000000002,0.0,0.0,0.0,0.4,1.5,0.23800000000000002,0.23800000000000002,0.2,0.3,0.75,0.9,0.7,1.6,0.1,0.0,0.2,0.2,0.4,0.9
343.0,Quincy Pondexter,SF,24.0,MEM,59.0,1.0,21.1,2.2,5.1,0.428,1.0,2.6,0.395,1.2,2.5,0.46299999999999997,0.528,1.0,1.3,0.787,0.7,1.5,2.2,1.0,0.6,0.1,0.7,1.6,6.4
344.0,A.J. Price,PG,26.0,WAS,57.0,22.0,22.4,2.8,7.2,0.39,1.2,3.5,0.35,1.6,3.7,0.42700000000000005,0.475,0.9,1.1,0.79,0.4,1.6,2.0,3.6,0.6,0.1,1.1,1.3,7.7
345.0,Ronnie Price,PG,29.0,POR,39.0,0.0,13.1,1.0,3.1,0.325,0.3,1.0,0.256,0.7,2.1,0.358,0.36700000000000005,0.4,0.6,0.708,0.3,0.8,1.1,1.9,0.7,0.1,0.9,1.6,2.7
346.0,Pablo Prigioni,PG,35.0,NYK,78.0,18.0,16.2,1.3,2.8,0.455,0.7,1.7,0.396,0.6,1.1,0.547,0.575,0.3,0.3,0.88,0.5,1.3,1.8,3.0,0.9,0.0,1.1,1.6,3.5
347.0,Tayshaun Prince,SF,32.0,TOT,82.0,81.0,32.1,4.4,10.0,0.43799999999999994,0.5,1.1,0.40399999999999997,3.9,8.9,0.442,0.461,1.2,1.6,0.738,0.9,3.6,4.4,2.4,0.6,0.3,1.1,1.0,10.4
347.0,Tayshaun Prince,SF,32.0,DET,45.0,45.0,32.4,4.8,10.8,0.444,0.5,1.2,0.434,4.3,9.6,0.445,0.46799999999999997,1.6,2.1,0.7959999999999999,1.0,3.7,4.6,2.5,0.5,0.3,1.2,1.0,11.7
347.0,Tayshaun Prince,SF,32.0,MEM,37.0,36.0,31.7,3.9,9.1,0.429,0.4,1.1,0.366,3.5,8.0,0.43700000000000006,0.451,0.6,1.0,0.595,0.8,3.4,4.2,2.3,0.7,0.3,0.9,1.1,8.8
348.0,Joel Przybilla,C,33.0,MIL,12.0,1.0,5.7,0.1,0.3,0.25,0.0,0.0,0.0,0.1,0.3,0.25,0.25,0.0,0.2,0.0,0.4,1.3,1.8,0.3,0.1,0.2,0.3,0.8,0.2
349.0,Chris Quinn,SG,29.0,CLE,7.0,0.0,11.1,0.6,2.3,0.25,0.0,0.7,0.0,0.6,1.6,0.364,0.25,0.3,0.3,1.0,0.1,0.1,0.3,1.3,0.4,0.0,0.9,0.6,1.4
350.0,Vladimir Radmanovic,PF,32.0,CHI,25.0,0.0,5.8,0.5,1.7,0.302,0.2,1.1,0.185,0.3,0.6,0.5,0.36,0.1,0.1,0.667,0.4,0.7,1.1,0.3,0.3,0.2,0.3,1.2,1.3
351.0,Anthony Randolph,PF,23.0,DEN,39.0,0.0,8.4,1.4,2.9,0.491,0.0,0.2,0.0,1.4,2.7,0.528,0.491,0.8,1.2,0.6890000000000001,0.7,1.7,2.4,0.3,0.5,0.5,0.9,1.1,3.7
352.0,Shavlik Randolph,PF,29.0,BOS,16.0,0.0,12.4,1.8,3.0,0.583,0.0,0.0,0.0,1.8,3.0,0.583,0.583,0.7,1.7,0.40700000000000003,1.8,2.6,4.4,0.3,0.5,0.4,0.6,2.4,4.2
353.0,Zach Randolph,PF,31.0,MEM,76.0,75.0,34.3,6.2,13.5,0.46,0.0,0.3,0.087,6.2,13.2,0.469,0.461,3.0,3.9,0.75,4.1,7.2,11.2,1.4,0.8,0.4,2.0,2.4,15.4
354.0,J.J. Redick,SG,28.0,TOT,78.0,13.0,30.5,4.9,11.3,0.434,2.1,5.8,0.366,2.8,5.5,0.506,0.528,2.2,2.4,0.9,0.2,2.0,2.2,3.8,0.5,0.1,1.8,1.5,14.1
354.0,J.J. Redick,SG,28.0,ORL,50.0,11.0,31.5,5.2,11.6,0.45,2.3,6.0,0.39,2.9,5.6,0.514,0.551,2.3,2.6,0.8909999999999999,0.2,2.2,2.4,4.4,0.6,0.1,2.1,1.4,15.1
354.0,J.J. Redick,SG,28.0,MIL,28.0,2.0,28.7,4.3,10.6,0.40299999999999997,1.7,5.4,0.318,2.6,5.3,0.49,0.483,2.0,2.2,0.9179999999999999,0.3,1.6,1.9,2.7,0.3,0.1,1.2,1.7,12.3
355.0,Jason Richardson,SG,32.0,PHI,33.0,33.0,28.4,4.1,10.2,0.402,1.7,5.1,0.341,2.4,5.1,0.462,0.48700000000000004,0.6,1.0,0.606,0.6,3.3,3.8,1.5,1.2,0.5,0.8,1.7,10.5
356.0,Quentin Richardson,SF,32.0,NYK,1.0,0.0,29.0,1.0,11.0,0.091,1.0,4.0,0.25,0.0,7.0,0.0,0.136,2.0,2.0,1.0,5.0,5.0,10.0,1.0,0.0,0.0,2.0,1.0,5.0
357.0,Luke Ridnour,SG,31.0,MIN,82.0,82.0,30.2,4.5,9.9,0.45299999999999996,0.8,2.6,0.311,3.7,7.3,0.503,0.493,1.7,2.0,0.848,0.5,2.0,2.5,3.8,1.0,0.2,1.6,2.3,11.5
358.0,Austin Rivers,SG,20.0,NOH,61.0,26.0,23.2,2.4,6.4,0.37200000000000005,0.5,1.4,0.326,1.9,5.0,0.385,0.408,1.0,1.8,0.546,0.3,1.5,1.8,2.1,0.4,0.1,1.2,2.0,6.2
359.0,Brian Roberts,PG,27.0,NOH,78.0,5.0,17.0,2.7,6.6,0.41700000000000004,0.8,2.0,0.386,2.0,4.6,0.43,0.475,0.9,1.0,0.909,0.2,1.0,1.2,2.8,0.5,0.0,0.9,1.4,7.1
360.0,Nate Robinson,PG,28.0,CHI,82.0,23.0,25.4,4.9,11.2,0.433,1.7,4.2,0.405,3.1,7.0,0.45,0.51,1.6,2.1,0.799,0.4,1.9,2.2,4.4,1.0,0.1,1.8,2.5,13.1
0.0,Player,Pos,0.0,Tm,0.0,0.0,0.0,0.0,0.0,0.0,0.0,0.0,0.0,0.0,0.0,0.0,0.0,0.0,0.0,0.0,0.0,0.0,0.0,0.0,0.0,0.0,0.0,0.0,0.0
361.0,Thomas Robinson,PF,21.0,TOT,70.0,0.0,15.1,2.0,4.6,0.43,0.0,0.0,0.0,2.0,4.6,0.431,0.43,0.8,1.6,0.523,1.7,2.8,4.5,0.7,0.6,0.4,1.3,1.8,4.8
361.0,Thomas Robinson,PF,21.0,SAC,51.0,0.0,15.9,2.0,4.8,0.424,0.0,0.0,0.0,2.0,4.8,0.424,0.424,0.8,1.4,0.5770000000000001,1.8,2.9,4.7,0.7,0.5,0.4,1.3,1.9,4.8
361.0,Thomas Robinson,PF,21.0,HOU,19.0,0.0,13.0,1.8,4.1,0.449,0.0,0.1,0.0,1.8,4.1,0.455,0.449,0.8,2.0,0.42100000000000004,1.6,2.5,4.1,0.5,0.8,0.3,1.2,1.5,4.5
362.0,Rajon Rondo,PG,26.0,BOS,38.0,38.0,37.4,5.9,12.2,0.484,0.3,1.3,0.24,5.6,10.9,0.513,0.49700000000000005,1.6,2.4,0.645,1.1,4.4,5.6,11.1,1.8,0.2,3.9,2.5,13.7
363.0,Terrence Ross,SG,21.0,TOR,73.0,2.0,17.0,2.5,6.3,0.40700000000000003,0.9,2.7,0.332,1.7,3.6,0.46399999999999997,0.478,0.4,0.6,0.7140000000000001,0.5,1.5,2.0,0.7,0.6,0.2,0.7,1.7,6.4
364.0,Brandon Roy,SG,28.0,MIN,5.0,5.0,24.4,2.2,7.0,0.314,0.0,1.8,0.0,2.2,5.2,0.423,0.314,1.4,2.0,0.7,0.6,2.2,2.8,4.6,0.6,0.0,1.4,1.0,5.8
365.0,Ricky Rubio,PG,22.0,MIN,57.0,47.0,29.7,3.2,9.0,0.36,0.5,1.6,0.293,2.8,7.4,0.374,0.386,3.7,4.6,0.799,0.8,3.2,4.0,7.3,2.4,0.1,3.0,2.5,10.7
366.0,Brandon Rush,SF,27.0,GSW,2.0,0.0,12.5,3.0,4.5,0.667,0.0,1.0,0.0,3.0,3.5,0.857,0.667,1.0,1.5,0.667,0.0,0.5,0.5,1.0,0.0,0.0,1.5,2.5,7.0
367.0,Robert Sacre,C,23.0,LAL,32.0,3.0,6.3,0.6,1.5,0.375,0.0,0.0,0.0,0.6,1.5,0.375,0.375,0.2,0.3,0.636,0.3,0.8,1.1,0.2,0.0,0.3,0.3,1.2,1.3
368.0,John Salmons,SF,33.0,SAC,76.0,72.0,30.0,3.2,8.1,0.39899999999999997,1.3,3.5,0.371,1.9,4.5,0.42,0.48,1.1,1.4,0.773,0.4,2.3,2.7,3.0,0.7,0.3,1.1,1.9,8.8
369.0,Samardo Samuels,C,24.0,CLE,18.0,1.0,10.9,1.2,3.3,0.36700000000000005,0.0,0.1,0.0,1.2,3.3,0.373,0.36700000000000005,0.8,1.3,0.583,0.6,1.0,1.6,0.4,0.2,0.2,0.3,1.7,3.2
370.0,Larry Sanders,C,24.0,MIL,71.0,55.0,27.3,4.3,8.5,0.506,0.0,0.0,0.0,4.3,8.5,0.507,0.506,1.2,1.9,0.618,3.2,6.3,9.5,1.2,0.7,2.8,1.2,3.3,9.8
371.0,Luis Scola,PF,32.0,PHO,82.0,67.0,26.6,5.3,11.2,0.47200000000000003,0.0,0.2,0.188,5.2,11.0,0.47700000000000004,0.474,2.2,2.8,0.787,1.9,4.7,6.6,2.2,0.8,0.4,1.5,3.1,12.8
372.0,Mike Scott,PF,24.0,ATL,40.0,1.0,9.4,1.8,3.7,0.47600000000000003,0.0,0.0,0.0,1.8,3.7,0.479,0.47600000000000003,1.1,1.4,0.768,1.0,1.8,2.8,0.3,0.1,0.1,0.5,0.8,4.6
373.0,Thabo Sefolosha,SG,28.0,OKC,81.0,81.0,27.5,2.8,5.8,0.48100000000000004,1.3,3.2,0.419,1.4,2.6,0.5579999999999999,0.597,0.7,0.9,0.826,0.7,3.2,3.9,1.5,1.3,0.5,0.8,2.2,7.6
374.0,Josh Selby,PG,21.0,MEM,10.0,0.0,5.9,0.6,2.2,0.273,0.1,0.6,0.16699999999999998,0.5,1.6,0.313,0.295,0.7,1.1,0.636,0.0,0.5,0.5,0.4,0.2,0.0,0.7,0.7,2.0
375.0,Kevin Seraphin,C,23.0,WAS,79.0,8.0,21.8,4.2,9.1,0.461,0.0,0.0,0.0,4.2,9.1,0.461,0.461,0.8,1.1,0.693,1.4,3.0,4.4,0.7,0.3,0.7,1.6,2.7,9.1
376.0,Ramon Sessions,SG,26.0,CHA,61.0,0.0,27.1,4.5,11.1,0.408,0.5,1.8,0.308,4.0,9.3,0.42700000000000005,0.433,4.8,5.7,0.8390000000000001,0.4,2.3,2.8,3.8,0.8,0.1,1.7,1.5,14.4
377.0,Tornike Shengelia,SF,21.0,BRK,19.0,0.0,4.9,0.5,1.2,0.435,0.1,0.1,0.5,0.5,1.1,0.429,0.457,0.5,0.8,0.563,0.5,0.7,1.2,0.2,0.2,0.1,0.6,0.6,1.6
378.0,Iman Shumpert,SG,22.0,NYK,45.0,45.0,22.1,2.4,6.1,0.396,1.1,2.8,0.402,1.3,3.3,0.392,0.489,0.8,1.0,0.7659999999999999,0.7,2.3,3.0,1.7,1.0,0.2,0.8,2.2,6.8
379.0,Alexey Shved,SG,24.0,MIN,77.0,16.0,23.9,3.1,8.2,0.37200000000000005,1.1,3.7,0.295,2.0,4.5,0.435,0.439,1.4,1.9,0.72,0.5,1.7,2.3,3.7,0.7,0.4,1.9,1.5,8.6
380.0,Henry Sims,C,22.0,NOH,2.0,0.0,2.5,1.0,1.5,0.667,0.0,0.0,0.0,1.0,1.5,0.667,0.667,0.0,0.0,0.0,1.0,0.0,1.0,0.0,0.0,0.0,0.5,0.5,2.0
0.0,Player,Pos,0.0,Tm,0.0,0.0,0.0,0.0,0.0,0.0,0.0,0.0,0.0,0.0,0.0,0.0,0.0,0.0,0.0,0.0,0.0,0.0,0.0,0.0,0.0,0.0,0.0,0.0,0.0
381.0,Kyle Singler,SF,24.0,DET,82.0,74.0,28.0,3.4,7.8,0.428,0.9,2.4,0.35,2.5,5.4,0.46399999999999997,0.483,1.2,1.5,0.8059999999999999,1.3,2.7,4.0,0.9,0.7,0.5,1.2,2.6,8.8
382.0,Chris Singleton,PF,23.0,WAS,57.0,11.0,16.2,1.6,4.2,0.382,0.1,0.6,0.19399999999999998,1.5,3.6,0.415,0.396,0.7,1.2,0.5710000000000001,0.9,2.3,3.2,0.6,0.7,0.4,0.8,2.2,4.1
383.0,Donald Sloan,SG-PG,25.0,TOT,23.0,0.0,11.4,1.2,3.4,0.34600000000000003,0.3,0.8,0.368,0.9,2.6,0.33899999999999997,0.391,0.9,1.1,0.8,0.1,1.1,1.2,1.7,0.2,0.0,0.6,0.7,3.5
383.0,Donald Sloan,SG,25.0,CLE,20.0,0.0,12.9,1.4,3.9,0.34600000000000003,0.4,1.0,0.368,1.0,3.0,0.33899999999999997,0.391,1.0,1.3,0.8,0.2,1.3,1.4,1.9,0.3,0.0,0.7,0.9,4.1
383.0,Donald Sloan,PG,25.0,NOH,3.0,0.0,2.0,0.0,0.0,0.0,0.0,0.0,0.0,0.0,0.0,0.0,0.0,0.0,0.0,0.0,0.0,0.0,0.0,0.3,0.0,0.0,0.3,0.0,0.0
384.0,Greg Smith,C,22.0,HOU,70.0,10.0,15.9,2.4,3.9,0.62,0.0,0.0,0.0,2.4,3.9,0.623,0.62,1.2,1.9,0.623,1.6,3.0,4.6,0.4,0.3,0.6,0.6,2.5,6.0
385.0,Ish Smith,PG,24.0,TOT,52.0,3.0,9.9,1.1,3.1,0.35200000000000004,0.2,0.5,0.29600000000000004,0.9,2.5,0.364,0.377,0.1,0.1,0.429,0.2,0.9,1.2,1.7,0.4,0.2,0.7,0.5,2.4
385.0,Ish Smith,PG,24.0,ORL,36.0,3.0,10.5,1.1,3.2,0.336,0.1,0.5,0.235,1.0,2.8,0.354,0.353,0.1,0.2,0.429,0.3,1.0,1.3,1.6,0.4,0.2,0.8,0.4,2.4
385.0,Ish Smith,PG,24.0,MIL,16.0,0.0,8.6,1.1,2.7,0.395,0.3,0.6,0.4,0.8,2.1,0.39399999999999996,0.442,0.0,0.0,0.0,0.1,0.9,0.9,1.9,0.5,0.2,0.6,0.8,2.4
386.0,J.R. Smith,SG,27.0,NYK,80.0,0.0,33.5,6.6,15.6,0.42200000000000004,1.9,5.5,0.35600000000000004,4.7,10.2,0.45799999999999996,0.484,3.0,3.9,0.762,0.8,4.5,5.3,2.7,1.3,0.3,1.7,2.8,18.1
387.0,Jason Smith,C,26.0,NOH,51.0,0.0,17.2,3.3,6.7,0.49,0.0,0.1,0.0,3.3,6.6,0.496,0.49,1.7,2.0,0.843,1.3,2.4,3.6,0.7,0.3,0.9,1.1,2.4,8.2
388.0,Josh Smith,PF,27.0,ATL,76.0,76.0,35.3,7.2,15.6,0.465,0.8,2.6,0.303,6.4,12.9,0.498,0.491,2.2,4.2,0.517,1.8,6.7,8.4,4.2,1.2,1.8,3.0,2.3,17.5
389.0,Nolan Smith,PG,24.0,POR,40.0,0.0,7.2,1.1,2.9,0.368,0.2,0.7,0.214,0.9,2.2,0.419,0.395,0.5,0.7,0.7140000000000001,0.2,0.5,0.7,0.9,0.2,0.0,0.7,0.7,2.8
390.0,Marreese Speights,C,25.0,TOT,79.0,3.0,16.5,3.3,7.4,0.445,0.0,0.1,0.3,3.3,7.3,0.44799999999999995,0.44799999999999995,1.7,2.2,0.7709999999999999,1.8,3.0,4.9,0.6,0.3,0.7,1.0,2.2,8.3
390.0,Marreese Speights,C,25.0,MEM,40.0,2.0,14.5,2.7,6.2,0.429,0.1,0.1,0.4,2.6,6.1,0.43,0.433,1.2,1.7,0.716,1.9,2.8,4.7,0.5,0.3,0.7,0.9,2.2,6.6
390.0,Marreese Speights,C,25.0,CLE,39.0,1.0,18.5,3.9,8.6,0.457,0.0,0.1,0.2,3.9,8.5,0.461,0.45799999999999996,2.2,2.8,0.8059999999999999,1.8,3.3,5.1,0.7,0.4,0.7,1.2,2.3,10.2
391.0,Tiago Splitter,PF,28.0,SAS,81.0,58.0,24.7,3.9,7.0,0.56,0.0,0.0,0.0,3.9,6.9,0.561,0.56,2.6,3.5,0.73,1.8,4.6,6.4,1.6,0.8,0.8,1.2,2.0,10.3
392.0,Jerry Stackhouse,SF,38.0,BRK,37.0,0.0,14.7,1.8,4.6,0.384,0.8,2.4,0.337,1.0,2.2,0.434,0.47100000000000003,0.5,0.6,0.87,0.1,0.8,0.9,0.9,0.2,0.1,0.6,0.8,4.9
393.0,Lance Stephenson,SG,22.0,IND,78.0,72.0,29.2,3.5,7.7,0.46,0.8,2.4,0.33,2.7,5.3,0.52,0.512,1.0,1.5,0.652,0.6,3.3,3.9,2.9,1.0,0.2,1.4,2.1,8.8
394.0,DeShawn Stevenson,SG,31.0,ATL,56.0,31.0,20.7,1.8,4.7,0.374,1.4,3.7,0.364,0.4,0.9,0.415,0.519,0.2,0.4,0.522,0.3,1.9,2.2,0.9,0.5,0.1,0.4,1.2,5.1
395.0,Greg Stiemsma,C,27.0,MIN,76.0,19.0,15.9,1.7,3.7,0.457,0.0,0.0,0.0,1.7,3.7,0.457,0.457,0.7,0.9,0.768,0.8,2.6,3.4,0.4,0.6,1.2,0.8,2.4,4.0
396.0,Julyan Stone,PG,24.0,DEN,4.0,0.0,7.0,0.5,0.5,1.0,0.0,0.0,0.0,0.5,0.5,1.0,1.0,0.8,1.0,0.75,0.5,0.3,0.8,0.5,0.3,0.0,0.5,1.0,1.8
397.0,Amar'e Stoudemire,PF,30.0,NYK,29.0,0.0,23.5,5.3,9.2,0.5770000000000001,0.0,0.0,0.0,5.3,9.2,0.5770000000000001,0.5770000000000001,3.6,4.5,0.8079999999999999,2.1,2.9,5.0,0.4,0.3,0.7,1.7,3.1,14.2
398.0,Rodney Stuckey,SG,26.0,DET,76.0,24.0,28.6,4.0,9.8,0.406,0.7,2.4,0.302,3.3,7.4,0.44,0.44299999999999995,2.8,3.6,0.7829999999999999,0.6,2.2,2.8,3.6,0.7,0.2,1.8,1.7,11.5
399.0,Jared Sullinger,PF,20.0,BOS,45.0,5.0,19.8,2.5,5.0,0.493,0.0,0.1,0.2,2.4,4.9,0.5,0.496,1.0,1.4,0.746,2.0,3.8,5.9,0.8,0.5,0.5,0.6,3.4,6.0
400.0,DaJuan Summers,PF,25.0,LAC,2.0,0.0,3.5,0.5,2.0,0.25,0.0,0.0,0.0,0.5,2.0,0.25,0.25,0.0,0.0,0.0,0.0,1.0,1.0,0.5,0.0,0.0,0.0,0.0,1.0
0.0,Player,Pos,0.0,Tm,0.0,0.0,0.0,0.0,0.0,0.0,0.0,0.0,0.0,0.0,0.0,0.0,0.0,0.0,0.0,0.0,0.0,0.0,0.0,0.0,0.0,0.0,0.0,0.0,0.0
401.0,Jeffery Taylor,SF,23.0,CHA,77.0,29.0,19.6,2.2,5.2,0.431,0.7,2.0,0.344,1.5,3.2,0.486,0.49700000000000005,1.0,1.3,0.728,0.7,1.3,1.9,0.8,0.6,0.2,0.6,1.8,6.1
402.0,Tyshawn Taylor,PG,22.0,BRK,38.0,0.0,5.8,0.8,2.3,0.368,0.2,0.3,0.462,0.7,1.9,0.35100000000000003,0.402,0.4,0.7,0.556,0.1,0.4,0.5,0.6,0.3,0.0,0.7,0.7,2.2
403.0,Jeff Teague,PG,24.0,ATL,80.0,78.0,32.9,5.5,12.2,0.451,1.1,3.1,0.359,4.4,9.1,0.48200000000000004,0.496,2.5,2.8,0.8809999999999999,0.3,1.9,2.3,7.2,1.5,0.4,2.9,2.3,14.6
404.0,Marquis Teague,PG,19.0,CHI,48.0,0.0,8.2,0.9,2.4,0.381,0.1,0.5,0.174,0.8,1.9,0.433,0.39799999999999996,0.2,0.3,0.563,0.1,0.9,0.9,1.3,0.2,0.1,0.7,1.0,2.1
405.0,Mirza Teletovic,PF,27.0,BRK,53.0,0.0,9.4,1.3,3.5,0.384,0.7,2.0,0.34299999999999997,0.6,1.5,0.442,0.484,0.2,0.2,0.818,0.6,1.2,1.8,0.4,0.2,0.2,0.4,1.0,3.5
406.0,Sebastian Telfair,PG,27.0,TOT,59.0,2.0,16.6,1.9,5.2,0.36200000000000004,0.9,2.5,0.353,1.0,2.7,0.371,0.44799999999999995,0.9,1.2,0.7829999999999999,0.2,1.2,1.4,2.6,0.6,0.2,1.1,1.8,5.6
406.0,Sebastian Telfair,PG,27.0,PHO,46.0,2.0,17.3,2.0,5.4,0.381,0.9,2.5,0.381,1.1,2.9,0.381,0.46799999999999997,1.0,1.2,0.772,0.3,1.2,1.5,2.5,0.6,0.2,1.2,1.8,6.0
406.0,Sebastian Telfair,PG,27.0,TOR,13.0,0.0,14.2,1.4,4.8,0.29,0.8,2.8,0.27,0.6,1.9,0.32,0.371,0.8,0.9,0.833,0.1,1.2,1.2,3.0,0.7,0.1,0.8,1.5,4.3
407.0,Garrett Temple,SG,26.0,WAS,51.0,36.0,22.7,2.1,5.1,0.40700000000000003,0.5,1.6,0.325,1.5,3.5,0.444,0.457,0.5,0.7,0.703,0.6,1.8,2.4,2.3,1.0,0.3,1.2,1.8,5.1
408.0,Jason Terry,SG,35.0,BOS,79.0,24.0,26.9,3.6,8.2,0.434,1.6,4.2,0.37200000000000005,2.0,4.0,0.498,0.529,1.4,1.7,0.87,0.2,1.8,2.0,2.5,0.8,0.1,1.3,1.4,10.1
409.0,Hasheem Thabeet,C,25.0,OKC,66.0,4.0,11.7,1.0,1.6,0.604,0.0,0.0,0.0,1.0,1.6,0.604,0.604,0.5,0.8,0.604,1.0,1.9,3.0,0.2,0.5,0.9,0.6,2.2,2.4
410.0,Isaiah Thomas,PG,23.0,SAC,79.0,62.0,26.9,4.6,10.5,0.44,1.5,4.1,0.358,3.2,6.5,0.491,0.509,3.2,3.6,0.882,0.4,1.7,2.0,4.0,0.8,0.0,1.8,2.1,13.9
411.0,Kurt Thomas,PF,40.0,NYK,39.0,17.0,10.1,1.2,2.1,0.542,0.0,0.0,1.0,1.1,2.1,0.537,0.5479999999999999,0.2,0.3,0.462,0.6,1.7,2.3,0.5,0.3,0.4,0.2,1.3,2.5
412.0,Lance Thomas,SF,24.0,NOH,59.0,9.0,10.9,0.9,1.8,0.5,0.0,0.0,0.0,0.9,1.8,0.5,0.5,0.7,1.0,0.7290000000000001,0.7,1.2,1.9,0.3,0.2,0.1,0.2,1.3,2.5
413.0,Malcolm Thomas,PF,24.0,TOT,12.0,0.0,4.8,0.4,0.8,0.5,0.0,0.0,0.0,0.4,0.8,0.5,0.5,0.4,0.7,0.625,0.4,0.9,1.3,0.3,0.2,0.2,0.3,0.7,1.3
413.0,Malcolm Thomas,PF,24.0,GSW,5.0,0.0,4.2,0.0,0.2,0.0,0.0,0.0,0.0,0.0,0.2,0.0,0.0,0.6,0.8,0.75,0.0,1.0,1.0,0.4,0.0,0.2,0.2,0.2,0.6
413.0,Malcolm Thomas,PF,24.0,CHI,7.0,0.0,5.1,0.7,1.3,0.556,0.0,0.0,0.0,0.7,1.3,0.556,0.556,0.3,0.6,0.5,0.7,0.9,1.6,0.3,0.3,0.1,0.3,1.0,1.7
414.0,Tyrus Thomas,PF,26.0,CHA,26.0,2.0,13.8,1.8,5.2,0.353,0.1,0.3,0.375,1.7,4.9,0.35200000000000004,0.364,1.0,1.2,0.8390000000000001,0.6,1.7,2.3,0.7,0.5,0.6,0.7,2.0,4.8
415.0,Jason Thompson,PF,26.0,SAC,82.0,81.0,27.9,4.6,9.1,0.502,0.0,0.0,0.0,4.6,9.0,0.504,0.502,1.7,2.5,0.6940000000000001,2.1,4.6,6.7,1.0,0.6,0.7,1.2,2.8,10.9
416.0,Klay Thompson,SG,22.0,GSW,82.0,82.0,35.8,6.2,14.7,0.42200000000000004,2.6,6.4,0.401,3.6,8.3,0.43700000000000006,0.509,1.6,1.9,0.841,0.4,3.3,3.7,2.2,1.0,0.5,1.9,2.9,16.6
417.0,Tristan Thompson,PF,21.0,CLE,82.0,82.0,31.3,4.8,9.7,0.488,0.0,0.0,0.0,4.8,9.7,0.49,0.488,2.2,3.5,0.608,3.7,5.7,9.4,1.3,0.7,0.9,1.5,2.9,11.7
418.0,Marcus Thornton,SG,25.0,SAC,72.0,8.0,24.0,4.6,10.8,0.429,2.0,5.3,0.37200000000000005,2.7,5.5,0.484,0.52,1.5,1.8,0.8809999999999999,0.7,1.8,2.5,1.3,0.8,0.1,0.9,1.5,12.7
419.0,Jamaal Tinsley,PG,34.0,UTA,66.0,32.0,18.5,1.3,3.5,0.368,0.6,1.9,0.307,0.7,1.6,0.439,0.451,0.3,0.4,0.6920000000000001,0.3,1.5,1.7,4.4,1.0,0.2,1.6,1.6,3.5
420.0,Anthony Tolliver,SF,27.0,ATL,62.0,11.0,15.5,1.3,3.5,0.38,0.7,2.1,0.33799999999999997,0.6,1.3,0.446,0.484,0.7,0.8,0.863,0.5,2.0,2.5,0.5,0.2,0.2,0.6,1.1,4.1
0.0,Player,Pos,0.0,Tm,0.0,0.0,0.0,0.0,0.0,0.0,0.0,0.0,0.0,0.0,0.0,0.0,0.0,0.0,0.0,0.0,0.0,0.0,0.0,0.0,0.0,0.0,0.0,0.0,0.0
421.0,P.J. Tucker,SG,27.0,PHO,79.0,45.0,24.2,2.7,5.6,0.473,0.3,0.9,0.314,2.4,4.7,0.503,0.498,0.8,1.1,0.7440000000000001,1.7,2.8,4.4,1.4,0.8,0.2,0.8,1.8,6.4
422.0,Ronny Turiaf,C,30.0,LAC,65.0,0.0,10.8,0.8,1.5,0.505,0.0,0.0,0.0,0.8,1.5,0.505,0.505,0.4,1.0,0.365,0.7,1.6,2.3,0.5,0.3,0.5,0.4,1.2,1.9
423.0,Hedo Turkoglu,SF,33.0,ORL,11.0,1.0,17.2,1.3,4.8,0.264,0.1,2.2,0.042,1.2,2.6,0.44799999999999995,0.27399999999999997,0.3,0.5,0.5,0.4,2.0,2.4,2.1,0.6,0.1,1.1,1.0,2.9
424.0,Evan Turner,SF,24.0,PHI,82.0,82.0,35.3,5.4,12.8,0.419,0.7,1.9,0.365,4.7,10.9,0.428,0.446,1.9,2.5,0.74,0.7,5.6,6.3,4.3,0.9,0.2,2.3,2.4,13.3
425.0,Jeremy Tyler,C,21.0,TOT,21.0,0.0,3.2,0.4,1.1,0.375,0.0,0.0,0.0,0.4,1.1,0.375,0.375,0.2,0.3,0.667,0.3,0.7,1.0,0.0,0.0,0.1,0.3,0.5,1.0
425.0,Jeremy Tyler,C,21.0,GSW,20.0,0.0,3.2,0.5,1.2,0.375,0.0,0.0,0.0,0.5,1.2,0.375,0.375,0.2,0.3,0.667,0.3,0.6,0.9,0.1,0.1,0.1,0.3,0.5,1.1
425.0,Jeremy Tyler,C,21.0,ATL,1.0,0.0,5.0,0.0,0.0,0.0,0.0,0.0,0.0,0.0,0.0,0.0,0.0,0.0,0.0,0.0,0.0,3.0,3.0,0.0,0.0,0.0,0.0,0.0,0.0
426.0,Ekpe Udoh,C,25.0,MIL,76.0,9.0,17.3,1.5,3.5,0.435,0.0,0.0,0.0,1.5,3.5,0.43700000000000006,0.435,1.2,1.6,0.748,1.5,1.8,3.3,0.6,0.5,1.1,0.6,1.8,4.3
427.0,Beno Udrih,SG-PG,30.0,TOT,66.0,9.0,22.1,3.2,7.2,0.441,0.5,1.5,0.33299999999999996,2.7,5.7,0.47100000000000003,0.47700000000000004,1.3,1.6,0.816,0.5,1.6,2.1,4.6,0.6,0.0,1.6,1.4,8.2
427.0,Beno Udrih,SG,30.0,MIL,39.0,0.0,18.4,2.9,6.1,0.475,0.3,1.3,0.265,2.6,4.8,0.529,0.502,0.6,0.8,0.727,0.4,1.6,2.0,3.5,0.4,0.1,1.4,1.0,6.7
427.0,Beno Udrih,PG,30.0,ORL,27.0,9.0,27.3,3.6,8.8,0.408,0.8,2.0,0.396,2.8,6.9,0.41100000000000003,0.452,2.2,2.6,0.857,0.6,1.7,2.3,6.1,0.9,0.0,2.0,1.9,10.2
428.0,Jonas Valanciunas,C,20.0,TOR,62.0,57.0,23.9,3.3,5.9,0.557,0.0,0.0,0.0,3.3,5.9,0.557,0.557,2.4,3.0,0.789,2.0,4.0,6.0,0.7,0.3,1.3,1.5,3.0,8.9
429.0,Anderson Varejao,C,30.0,CLE,25.0,25.0,36.0,5.5,11.6,0.478,0.0,0.2,0.0,5.5,11.4,0.486,0.478,3.1,4.1,0.755,5.5,8.9,14.4,3.4,1.5,0.6,1.8,2.7,14.1
430.0,Jarvis Varnado,PF,24.0,TOT,13.0,0.0,4.5,0.2,0.5,0.429,0.0,0.0,0.0,0.2,0.5,0.429,0.429,0.2,0.3,0.5,0.2,0.5,0.7,0.2,0.1,0.2,0.5,0.8,0.6
430.0,Jarvis Varnado,PF,24.0,BOS,5.0,0.0,3.6,0.4,0.8,0.5,0.0,0.0,0.0,0.4,0.8,0.5,0.5,0.4,0.8,0.5,0.2,0.4,0.6,0.2,0.2,0.0,0.2,0.2,1.2
430.0,Jarvis Varnado,PF,24.0,MIA,8.0,0.0,5.0,0.1,0.4,0.33299999999999996,0.0,0.0,0.0,0.1,0.4,0.33299999999999996,0.33299999999999996,0.0,0.0,0.0,0.1,0.6,0.8,0.3,0.0,0.3,0.6,1.1,0.3
431.0,Greivis Vasquez,PG,26.0,NOH,78.0,78.0,34.4,5.6,13.0,0.433,1.1,3.1,0.342,4.6,9.9,0.462,0.474,1.6,2.0,0.805,0.6,3.8,4.3,9.0,0.8,0.1,3.2,2.4,13.9
432.0,Jan Vesely,PF,22.0,WAS,51.0,4.0,11.8,1.1,2.2,0.5,0.0,0.0,0.0,1.1,2.2,0.504,0.5,0.2,0.8,0.308,0.8,1.5,2.4,0.5,0.3,0.3,0.5,2.1,2.5
433.0,Charlie Villanueva,PF,28.0,DET,69.0,0.0,15.8,2.5,6.7,0.377,1.3,3.8,0.34700000000000003,1.2,3.0,0.415,0.474,0.4,0.7,0.551,0.7,2.8,3.5,0.8,0.4,0.6,0.6,1.4,6.8
434.0,Nikola Vucevic,C,22.0,ORL,77.0,77.0,33.2,6.0,11.5,0.519,0.0,0.0,0.0,6.0,11.5,0.52,0.519,1.1,1.6,0.6829999999999999,3.5,8.4,11.9,1.9,0.8,1.0,1.8,2.8,13.1
435.0,Dwyane Wade,SG,31.0,MIA,69.0,69.0,34.7,8.2,15.8,0.521,0.2,1.0,0.258,8.0,14.9,0.537,0.528,4.5,6.2,0.725,1.2,3.7,5.0,5.1,1.9,0.8,2.8,2.0,21.2
436.0,Dion Waiters,SG,21.0,CLE,61.0,48.0,28.8,5.5,13.4,0.41200000000000003,1.0,3.3,0.31,4.5,10.0,0.446,0.451,2.6,3.5,0.746,0.4,2.1,2.4,3.0,1.0,0.3,2.0,1.9,14.7
437.0,Kemba Walker,PG,22.0,CHA,82.0,82.0,34.9,6.4,15.2,0.423,1.3,4.0,0.322,5.1,11.1,0.45899999999999996,0.466,3.6,4.5,0.7979999999999999,0.7,2.7,3.5,5.7,2.0,0.4,2.4,1.9,17.7
438.0,John Wall,PG,22.0,WAS,49.0,42.0,32.7,6.6,15.0,0.441,0.2,0.9,0.267,6.4,14.1,0.452,0.449,5.0,6.2,0.804,0.7,3.3,4.0,7.6,1.3,0.8,3.2,2.4,18.5
439.0,Gerald Wallace,SF,30.0,BRK,69.0,68.0,30.1,2.6,6.6,0.397,0.7,2.4,0.282,2.0,4.3,0.461,0.44799999999999995,1.8,2.8,0.637,1.0,3.6,4.6,2.6,1.4,0.7,1.6,1.7,7.7
440.0,Rasheed Wallace,C,38.0,NYK,21.0,0.0,14.1,2.6,6.8,0.387,1.0,3.3,0.319,1.6,3.5,0.452,0.465,0.7,1.0,0.7,0.5,3.4,4.0,0.3,0.6,0.7,0.5,1.9,7.0
0.0,Player,Pos,0.0,Tm,0.0,0.0,0.0,0.0,0.0,0.0,0.0,0.0,0.0,0.0,0.0,0.0,0.0,0.0,0.0,0.0,0.0,0.0,0.0,0.0,0.0,0.0,0.0,0.0,0.0
441.0,Luke Walton,PF,32.0,CLE,50.0,0.0,17.1,1.4,3.6,0.392,0.4,1.3,0.299,1.0,2.3,0.447,0.44799999999999995,0.2,0.4,0.5,0.8,2.1,2.9,3.3,0.8,0.3,1.2,2.0,3.4
442.0,Hakim Warrick,PF,30.0,TOT,28.0,14.0,17.5,2.4,5.9,0.406,0.0,0.1,0.0,2.4,5.8,0.414,0.406,2.1,3.1,0.682,0.8,2.4,3.2,0.9,0.5,0.2,1.0,1.3,6.9
442.0,Hakim Warrick,PF,30.0,NOH,1.0,0.0,7.0,1.0,2.0,0.5,0.0,0.0,0.0,1.0,2.0,0.5,0.5,2.0,2.0,1.0,0.0,0.0,0.0,0.0,1.0,0.0,0.0,0.0,4.0
442.0,Hakim Warrick,PF,30.0,CHA,27.0,14.0,17.9,2.4,6.0,0.405,0.0,0.1,0.0,2.4,5.9,0.413,0.405,2.1,3.2,0.674,0.8,2.5,3.3,0.9,0.4,0.2,1.1,1.4,7.0
443.0,C.J. Watson,PG,28.0,BRK,80.0,8.0,19.0,2.4,5.7,0.418,1.1,2.7,0.41100000000000003,1.3,3.1,0.424,0.514,0.9,1.1,0.78,0.5,1.3,1.8,2.0,0.8,0.2,0.9,1.5,6.8
444.0,Earl Watson,PG,33.0,UTA,48.0,4.0,17.3,0.8,2.5,0.308,0.1,0.6,0.179,0.7,1.9,0.348,0.32899999999999996,0.4,0.5,0.68,0.5,1.3,1.8,4.0,0.8,0.2,1.4,2.0,2.0
445.0,Maalik Wayns,PG,21.0,TOT,27.0,1.0,7.5,1.0,3.3,0.295,0.3,1.1,0.226,0.7,2.1,0.33299999999999996,0.335,0.6,0.7,0.895,0.0,0.2,0.3,1.0,0.2,0.0,0.6,1.0,2.8
445.0,Maalik Wayns,PG,21.0,PHI,21.0,1.0,7.9,0.9,3.4,0.264,0.2,1.2,0.2,0.7,2.2,0.298,0.299,0.6,0.7,0.867,0.0,0.2,0.2,1.0,0.1,0.0,0.6,0.9,2.7
445.0,Maalik Wayns,PG,21.0,LAC,6.0,0.0,6.2,1.2,2.7,0.43799999999999994,0.3,1.0,0.33299999999999996,0.8,1.7,0.5,0.5,0.7,0.7,1.0,0.0,0.3,0.3,1.2,0.5,0.0,0.3,1.3,3.3
446.0,Martell Webster,SF,26.0,WAS,76.0,62.0,28.9,3.7,8.4,0.442,1.8,4.3,0.42200000000000004,1.9,4.0,0.46299999999999997,0.551,2.2,2.6,0.848,0.7,3.2,3.9,1.9,0.6,0.2,1.2,2.2,11.4
447.0,David West,PF,32.0,IND,73.0,73.0,33.4,6.9,13.8,0.498,0.1,0.3,0.21100000000000002,6.8,13.6,0.503,0.5,3.3,4.3,0.768,2.0,5.7,7.7,2.9,1.0,0.9,2.2,2.0,17.1
448.0,Russell Westbrook,PG,24.0,OKC,82.0,82.0,34.9,8.2,18.7,0.43799999999999994,1.2,3.7,0.32299999999999995,7.0,15.1,0.466,0.47,5.6,7.0,0.8,1.4,3.9,5.2,7.4,1.8,0.3,3.3,2.3,23.2
449.0,D.J. White,PF,26.0,BOS,12.0,0.0,7.2,1.0,1.9,0.522,0.0,0.0,0.0,1.0,1.9,0.522,0.522,0.4,0.8,0.556,0.3,0.8,1.1,0.3,0.1,0.5,0.2,0.4,2.4
450.0,James White,SF,30.0,NYK,57.0,16.0,7.6,0.9,2.0,0.431,0.2,0.7,0.341,0.6,1.3,0.48,0.491,0.2,0.3,0.579,0.1,0.8,0.8,0.5,0.2,0.1,0.3,0.8,2.2
451.0,Chris Wilcox,C,30.0,BOS,61.0,7.0,13.6,1.8,2.5,0.7190000000000001,0.0,0.0,0.0,1.8,2.5,0.7240000000000001,0.7190000000000001,0.6,1.0,0.672,0.9,2.0,3.0,0.4,0.5,0.5,0.6,2.0,4.2
452.0,Damien Wilkins,SG,33.0,PHI,61.0,21.0,18.0,2.4,5.2,0.45899999999999996,0.3,0.8,0.33299999999999996,2.1,4.3,0.483,0.486,1.3,1.8,0.743,0.5,1.2,1.7,1.5,0.6,0.3,0.8,1.6,6.4
453.0,Deron Williams,PG,28.0,BRK,78.0,78.0,36.4,6.3,14.4,0.44,2.2,5.7,0.37799999999999995,4.2,8.7,0.48200000000000004,0.516,4.1,4.7,0.8590000000000001,0.4,2.6,3.0,7.7,1.0,0.4,2.8,2.5,18.9
454.0,Derrick Williams,PF,21.0,MIN,78.0,56.0,24.6,4.3,10.1,0.43,0.8,2.5,0.332,3.5,7.6,0.46299999999999997,0.47100000000000003,2.5,3.5,0.706,1.2,4.3,5.5,0.6,0.6,0.5,1.3,1.6,12.0
455.0,Lou Williams,SG,26.0,ATL,39.0,9.0,28.7,4.8,11.4,0.42200000000000004,1.8,5.0,0.36700000000000005,2.9,6.3,0.466,0.503,2.7,3.1,0.868,0.2,1.8,2.1,3.6,1.1,0.3,1.9,1.4,14.1
456.0,Marvin Williams,SF,26.0,UTA,73.0,51.0,23.7,2.7,6.4,0.423,0.7,2.3,0.325,2.0,4.2,0.47700000000000004,0.48100000000000004,1.1,1.4,0.778,0.8,2.8,3.6,1.1,0.5,0.5,0.8,1.3,7.2
457.0,Mo Williams,PG,30.0,UTA,46.0,46.0,30.8,5.0,11.6,0.43,1.3,3.3,0.38299999999999995,3.7,8.2,0.449,0.485,1.6,1.8,0.882,0.5,1.9,2.4,6.2,1.0,0.2,2.7,2.3,12.9
458.0,Reggie Williams,SF,26.0,CHA,40.0,0.0,9.5,1.4,3.3,0.43200000000000005,0.6,1.8,0.306,0.9,1.5,0.583,0.515,0.3,0.5,0.47600000000000003,0.2,1.1,1.3,1.0,0.3,0.0,0.5,0.5,3.7
459.0,Terrence Williams,SF,25.0,BOS,24.0,0.0,13.3,2.0,4.0,0.495,0.2,0.6,0.33299999999999996,1.8,3.4,0.524,0.521,0.4,0.9,0.429,0.2,1.7,1.8,1.6,0.5,0.1,0.9,0.5,4.6
460.0,Metta World Peace,SF,33.0,LAL,75.0,66.0,33.7,4.4,11.0,0.40299999999999997,1.9,5.5,0.342,2.5,5.5,0.46399999999999997,0.488,1.7,2.3,0.7340000000000001,1.3,3.6,5.0,1.5,1.6,0.6,1.3,2.6,12.4
0.0,Player,Pos,0.0,Tm,0.0,0.0,0.0,0.0,0.0,0.0,0.0,0.0,0.0,0.0,0.0,0.0,0.0,0.0,0.0,0.0,0.0,0.0,0.0,0.0,0.0,0.0,0.0,0.0,0.0
461.0,Brandan Wright,C,25.0,DAL,64.0,16.0,18.0,3.8,6.3,0.597,0.0,0.0,0.0,3.8,6.3,0.601,0.597,0.9,1.5,0.615,1.3,2.7,4.1,0.6,0.4,1.2,0.5,1.2,8.5
462.0,Chris Wright,SG,23.0,DAL,3.0,0.0,1.3,0.3,0.7,0.5,0.0,0.0,0.0,0.3,0.7,0.5,0.5,0.0,0.0,0.0,0.0,0.0,0.0,0.0,0.0,0.0,0.3,0.0,0.7
463.0,Dorell Wright,SF,27.0,PHI,79.0,8.0,22.6,3.0,7.6,0.396,1.7,4.6,0.374,1.3,3.0,0.429,0.508,1.5,1.8,0.851,0.5,3.3,3.8,1.9,0.8,0.4,0.8,1.2,9.2
464.0,Tony Wroten,SG,19.0,MEM,35.0,0.0,7.8,0.9,2.5,0.384,0.1,0.5,0.25,0.8,2.0,0.414,0.40700000000000003,0.6,0.8,0.7240000000000001,0.4,0.4,0.8,1.2,0.2,0.1,0.8,1.0,2.6
465.0,Nick Young,SG,27.0,PHI,59.0,17.0,23.9,3.8,9.2,0.413,1.3,3.6,0.35700000000000004,2.5,5.6,0.449,0.48200000000000004,1.8,2.2,0.82,0.4,1.8,2.2,1.4,0.6,0.2,0.8,1.4,10.6
466.0,Sam Young,SG,27.0,IND,56.0,3.0,12.4,1.0,2.6,0.392,0.3,0.9,0.308,0.8,1.7,0.43799999999999994,0.446,0.4,0.8,0.535,0.5,1.7,2.2,0.8,0.3,0.1,0.6,1.1,2.8
467.0,Thaddeus Young,PF,24.0,PHI,76.0,76.0,34.6,6.7,12.6,0.531,0.0,0.1,0.125,6.7,12.5,0.535,0.532,1.4,2.5,0.574,2.4,5.1,7.5,1.6,1.8,0.7,1.2,2.5,14.8
468.0,Luke Zeller,C,25.0,PHO,16.0,0.0,3.6,0.6,1.6,0.34600000000000003,0.1,0.3,0.2,0.5,1.3,0.381,0.365,0.0,0.0,0.0,0.1,0.6,0.6,0.2,0.0,0.0,0.0,0.3,1.2
469.0,Tyler Zeller,C,23.0,CLE,77.0,55.0,26.4,3.2,7.3,0.43799999999999994,0.0,0.1,0.0,3.2,7.2,0.441,0.43799999999999994,1.6,2.0,0.764,2.1,3.6,5.7,1.2,0.5,0.9,1.2,3.3,7.9
